outline_code,deepest_identifier,deepest_identifier_slug,outline_path
31010000,Presentation of Evidence,presentation_of_evidence,Presentation of Evidence
31010100,General Provisions,general_provisions,Presentation of Evidence > General Provisions
31010101,Roles of judge and jury,roles_of_judge_and_jury,Presentation of Evidence > General Provisions > Roles of judge and jury
31010102,Burden of production and burden of persuasion,burden_of_production_and_burden_of_persuasion,Presentation of Evidence > General Provisions > Burden of production and burden of persuasion
31010103,Presumptions and inferences,presumptions_and_inferences,Presentation of Evidence > General Provisions > Presumptions and inferences
31010104,Materiality and probative value,materiality_and_probative_value,Presentation of Evidence > General Provisions > Materiality and probative value
31010105,Offers of proof,offers_of_proof,Presentation of Evidence > General Provisions > Offers of proof
31010106,Judicial notice,judicial_notice,Presentation of Evidence > General Provisions > Judicial notice
31010107,Preliminary questions,preliminary_questions,Presentation of Evidence > General Provisions > Preliminary questions
31010108,Rule of completeness,rule_of_completeness,Presentation of Evidence > General Provisions > Rule of completeness
31010200,Objections and Motions to Strike,objections_and_motions_to_strike,Presentation of Evidence > Objections and Motions to Strike
31010201,Trial judge’s discretion to control order and presentation of evidence,trial_judges_discretion_to_control_order_and_presentation_of_evidence,Presentation of Evidence > Objections and Motions to Strike > Trial judge’s discretion to control order and presentation of evidence
31010202,Common objections to questions,common_objections_to_questions,Presentation of Evidence > Objections and Motions to Strike > Common objections to questions
31010203,Nonresponsive answers,nonresponsive_answers,Presentation of Evidence > Objections and Motions to Strike > Nonresponsive answers
31010300,Types of Evidence,types_of_evidence,Presentation of Evidence > Types of Evidence
31010400,Witnesses,witnesses,Presentation of Evidence > Witnesses
31010401,Mode and order of witnesses,mode_and_order_of_witnesses,Presentation of Evidence > Witnesses > Mode and order of witnesses
31010402,Form and scope of examination,form_and_scope_of_examination,Presentation of Evidence > Witnesses > Form and scope of examination
31010403,Lay opinion testimony,lay_opinion_testimony,Presentation of Evidence > Witnesses > Lay opinion testimony
31010404,Competency,competency,Presentation of Evidence > Witnesses > Competency
31010405,Personal knowledge,personal_knowledge,Presentation of Evidence > Witnesses > Personal knowledge
31010406,Truthfulness,truthfulness,Presentation of Evidence > Witnesses > Truthfulness
31010407,Refreshing recollection,refreshing_recollection,Presentation of Evidence > Witnesses > Refreshing recollection
31010500,Impeachment,impeachment,Presentation of Evidence > Impeachment
31010501,Use of impeachment material,use_of_impeachment_material,Presentation of Evidence > Impeachment > Use of impeachment material
31010502,Prior inconsistent statement,prior_inconsistent_statement,Presentation of Evidence > Impeachment > Prior inconsistent statement
31010503,Bias,bias,Presentation of Evidence > Impeachment > Bias
31010504,Conviction of crime,conviction_of_crime,Presentation of Evidence > Impeachment > Conviction of crime
31010505,Opinion or reputation,opinion_or_reputation,Presentation of Evidence > Impeachment > Opinion or reputation
32020000,Relevance,relevance,Relevance
32020100,Definition,definition,Relevance > Definition
32020200,Laying a Foundation,laying_a_foundation,Relevance > Laying a Foundation
32020300,Exclusion of Relevant Evidence,exclusion_of_relevant_evidence,Relevance > Exclusion of Relevant Evidence
32020301,Probative value,probative_value,Relevance > Exclusion of Relevant Evidence > Probative value
32020302,"Discretionary exclusion (undue prejudice, confusion, waste of time)",discretionary_exclusion_undue_prejudice_confusion_waste_of_time,"Relevance > Exclusion of Relevant Evidence > Discretionary exclusion (undue prejudice, confusion, waste of time)"
32020400,Character Evidence,character_evidence,Relevance > Character Evidence
32020401,Forms of character evidence,forms_of_character_evidence,Relevance > Character Evidence > Forms of character evidence
32020402,Prohibited uses of character evidence,prohibited_uses_of_character_evidence,Relevance > Character Evidence > Prohibited uses of character evidence
32020403,Exceptions allowing character evidence,exceptions_allowing_character_evidence,Relevance > Character Evidence > Exceptions allowing character evidence
32020404,Specific acts for noncharacter purposes,specific_acts_for_noncharacter_purposes,Relevance > Character Evidence > Specific acts for noncharacter purposes
32020405,Cross-examination and rebuttal of character witnesses,cross_examination_and_rebuttal_of_character_witnesses,Relevance > Character Evidence > Cross-examination and rebuttal of character witnesses
32020500,Habit or custom practice,habit_or_custom_practice,Relevance > Habit or custom practice
32020600,Similar occurrences and contracts,similar_occurrences_and_contracts,Relevance > Similar occurrences and contracts
32020700,Authentication and Identification,authentication_and_identification,Relevance > Authentication and Identification
32020800,Expert Testimony,expert_testimony,Relevance > Expert Testimony
32020801,Acceptable testimony,acceptable_testimony,Relevance > Expert Testimony > Acceptable testimony
32020802,Qualification of experts,qualification_of_experts,Relevance > Expert Testimony > Qualification of experts
32020803,Basis of expert testimony,basis_of_expert_testimony,Relevance > Expert Testimony > Basis of expert testimony
32020804,Opinion on ultimate issue,opinion_on_ultimate_issue,Relevance > Expert Testimony > Opinion on ultimate issue
32020805,Disclosure of underlying facts or data,disclosure_of_underlying_facts_or_data,Relevance > Expert Testimony > Disclosure of underlying facts or data
33040000,Hearsay,hearsay,Hearsay
33040100,In General,in_general,Hearsay > In General
33040101,Hearsay rule,hearsay_rule,Hearsay > In General > Hearsay rule
33040102,Conduct as hearsay,conduct_as_hearsay,Hearsay > In General > Conduct as hearsay
33040103,Multiple hearsay,multiple_hearsay,Hearsay > In General > Multiple hearsay
33040104,Unavailability of declarant as necessary or unnecessary for specific exceptions,unavailability_of_declarant_as_necessary_or_unnecessary_for_specific_exceptions,Hearsay > In General > Unavailability of declarant as necessary or unnecessary for specific exceptions
33040200,Hearsay Exemptions,hearsay_exemptions,Hearsay > Hearsay Exemptions
33040201,Prior statement of witness,prior_statement_of_witness,Hearsay > Hearsay Exemptions > Prior statement of witness
33040202,Statement by opposing party,statement_by_opposing_party,Hearsay > Hearsay Exemptions > Statement by opposing party
33040203,Statements used for non-hearsay purposes,statements_used_for_non_hearsay_purposes,Hearsay > Hearsay Exemptions > Statements used for non-hearsay purposes
33040300,Hearsay Exceptions,hearsay_exceptions,Hearsay > Hearsay Exceptions
33040301,Requiring unavailability of declarant,requiring_unavailability_of_declarant,Hearsay > Hearsay Exceptions > Requiring unavailability of declarant
33040302,Not requiring unavailability of declarant,not_requiring_unavailability_of_declarant,Hearsay > Hearsay Exceptions > Not requiring unavailability of declarant
33040400,Confrontation Clause,confrontation_clause,Hearsay > Confrontation Clause
34050000,"Contents of Writings, Recordings, and Photographs",contents_of_writings_recordings_and_photographs,"Contents of Writings, Recordings, and Photographs"
34050100,Requirement of the Original,requirement_of_the_original,"Contents of Writings, Recordings, and Photographs > Requirement of the Original"
34050101,Best evidence rule,best_evidence_rule,"Contents of Writings, Recordings, and Photographs > Requirement of the Original > Best evidence rule"
34050200,Duplicates,duplicates,"Contents of Writings, Recordings, and Photographs > Duplicates"
34050300,Missing or lost documents,missing_or_lost_documents,"Contents of Writings, Recordings, and Photographs > Missing or lost documents"
34050400,Summaries,summaries,"Contents of Writings, Recordings, and Photographs > Summaries"
35030000,Privileges and Public Policy Exclusions,privileges_and_public_policy_exclusions,Privileges and Public Policy Exclusions
35030100,Sources and Scope of Privileges and Policy Exclusions,sources_and_scope_of_privileges_and_policy_exclusions,Privileges and Public Policy Exclusions > Sources and Scope of Privileges and Policy Exclusions
35030200,Particular Privileges,particular_privileges,Privileges and Public Policy Exclusions > Particular Privileges
35030201,Spousal Privileges,spousal_privileges,Privileges and Public Policy Exclusions > Particular Privileges > Spousal Privileges
35030202,Marital Communications Privilege,marital_communications_privilege,Privileges and Public Policy Exclusions > Particular Privileges > Marital Communications Privilege
35030203,Physician-patient,physician_patient,Privileges and Public Policy Exclusions > Particular Privileges > Physician-patient
35030204,Psychotherapist-patient,psychotherapist_patient,Privileges and Public Policy Exclusions > Particular Privileges > Psychotherapist-patient
35030205,Attorney-client,attorney_client,Privileges and Public Policy Exclusions > Particular Privileges > Attorney-client
35030206,Clergy and penitent,clergy_and_penitent,Privileges and Public Policy Exclusions > Particular Privileges > Clergy and penitent
35030300,Public Policy Exclusions,public_policy_exclusions,Privileges and Public Policy Exclusions > Public Policy Exclusions
35030301,Subsequent remedial measures,subsequent_remedial_measures,Privileges and Public Policy Exclusions > Public Policy Exclusions > Subsequent remedial measures
35030302,Settlement negotiations and offers of compromise,settlement_negotiations_and_offers_of_compromise,Privileges and Public Policy Exclusions > Public Policy Exclusions > Settlement negotiations and offers of compromise
35030303,Plea negotiations and withdrawn plea offers,plea_negotiations_and_withdrawn_plea_offers,Privileges and Public Policy Exclusions > Public Policy Exclusions > Plea negotiations and withdrawn plea offers
35030304,Liability insurance,liability_insurance,Privileges and Public Policy Exclusions > Public Policy Exclusions > Liability insurance
35030305,Payment of medical expenses,payment_of_medical_expenses,Privileges and Public Policy Exclusions > Public Policy Exclusions > Payment of medical expenses
41030000,The Federal-State Relationship,the_federal_state_relationship,The Federal-State Relationship
41030100,Preemption and Consent,preemption_and_consent,The Federal-State Relationship > Preemption and Consent
41030200,Intergovernmental Immunities,intergovernmental_immunities,The Federal-State Relationship > Intergovernmental Immunities
41030300,Supremacy Clause,supremacy_clause,The Federal-State Relationship > Supremacy Clause
41030400,Tenth Amendment and the Scope of State Authority,tenth_amendment_and_the_scope_of_state_authority,The Federal-State Relationship > Tenth Amendment and the Scope of State Authority
41030401,Tenth Amendment,tenth_amendment,The Federal-State Relationship > Tenth Amendment and the Scope of State Authority > Tenth Amendment
41030402,Dormant Commerce Clause,dormant_commerce_clause,The Federal-State Relationship > Tenth Amendment and the Scope of State Authority > Dormant Commerce Clause
41030403,State taxation,state_taxation,The Federal-State Relationship > Tenth Amendment and the Scope of State Authority > State taxation
42010000,Separation of Powers,separation_of_powers,Separation of Powers
42010100,Legislative Branch,legislative_branch,Separation of Powers > Legislative Branch
42010101,Taxing and spending power,taxing_and_spending_power,Separation of Powers > Legislative Branch > Taxing and spending power
42010102,War power,war_power,Separation of Powers > Legislative Branch > War power
42010103,Commerce power,commerce_power,Separation of Powers > Legislative Branch > Commerce power
42010104,“Necessary and Proper” Clause power,necessary_and_proper_clause_power,Separation of Powers > Legislative Branch > “Necessary and Proper” Clause power
42010105,Investigatory power,investigatory_power,Separation of Powers > Legislative Branch > Investigatory power
42010106,Property power,property_power,Separation of Powers > Legislative Branch > Property power
42010107,"Thirteenth, Fourteenth, and Fifteenth Amendments",thirteenth_fourteenth_and_fifteenth_amendments,"Separation of Powers > Legislative Branch > Thirteenth, Fourteenth, and Fifteenth Amendments"
42010108,Delegation Clause,delegation_clause,Separation of Powers > Legislative Branch > Delegation Clause
42010200,Executive Branch,executive_branch,Separation of Powers > Executive Branch
42010201,Commander-in-chief,commander_in_chief,Separation of Powers > Executive Branch > Commander-in-chief
42010202,Chief executive,chief_executive,Separation of Powers > Executive Branch > Chief executive
42010203,Treaties and foreign affairs,treaties_and_foreign_affairs,Separation of Powers > Executive Branch > Treaties and foreign affairs
42010204,Appointment and removal,appointment_and_removal,Separation of Powers > Executive Branch > Appointment and removal
42010205,Veto,veto,Separation of Powers > Executive Branch > Veto
42010206,Pardon,pardon,Separation of Powers > Executive Branch > Pardon
42010207,Executive privilege,executive_privilege,Separation of Powers > Executive Branch > Executive privilege
42010208,Executive immunity,executive_immunity,Separation of Powers > Executive Branch > Executive immunity
42010300,Interbranch Checks and Balances,interbranch_checks_and_balances,Separation of Powers > Interbranch Checks and Balances
42010301,Impeachment and other Congressional limits on executive,impeachment_and_other_congressional_limits_on_executive,Separation of Powers > Interbranch Checks and Balances > Impeachment and other Congressional limits on executive
42010302,Veto and similar powers,veto_and_similar_powers,Separation of Powers > Interbranch Checks and Balances > Veto and similar powers
42010303,"Executive, congressional, and judicial privileges and immunities",executive_congressional_and_judicial_privileges_and_immunities,"Separation of Powers > Interbranch Checks and Balances > Executive, congressional, and judicial privileges and immunities"
43020000,Judicial Review,judicial_review,Judicial Review
43020100,Organization of Courts,organization_of_courts,Judicial Review > Organization of Courts
43020101,Constitutional basis,constitutional_basis,Judicial Review > Organization of Courts > Constitutional basis
43020102,Organization,organization,Judicial Review > Organization of Courts > Organization
43020200,Jurisdiction of Courts,jurisdiction_of_courts,Judicial Review > Jurisdiction of Courts
43020201,Constitutional limitations and justiciability,constitutional_limitations_and_justiciability,Judicial Review > Jurisdiction of Courts > Constitutional limitations and justiciability
43020202,Congressional limitations,congressional_limitations,Judicial Review > Jurisdiction of Courts > Congressional limitations
44040000,Individual Rights,individual_rights,Individual Rights
44040100,State Action Requirement,state_action_requirement,Individual Rights > State Action Requirement
44040200,Due Process Clause,due_process_clause,Individual Rights > Due Process Clause
44040201,Incorporation of Bill of Rights through the Fourteenth Amendment,incorporation_of_bill_of_rights_through_the_fourteenth_amendment,Individual Rights > Due Process Clause > Incorporation of Bill of Rights through the Fourteenth Amendment
44040202,Substantive due process,substantive_due_process,Individual Rights > Due Process Clause > Substantive due process
44040203,Procedural due process,procedural_due_process,Individual Rights > Due Process Clause > Procedural due process
44040300,Equal Protection Clause,equal_protection_clause,Individual Rights > Equal Protection Clause
44040301,Fundamental rights,fundamental_rights,Individual Rights > Equal Protection Clause > Fundamental rights
44040302,Establishing discrimination,establishing_discrimination,Individual Rights > Equal Protection Clause > Establishing discrimination
44040303,Strict scrutiny (suspect) classifications,strict_scrutiny_suspect_classifications,Individual Rights > Equal Protection Clause > Strict scrutiny (suspect) classifications
44040304,Intermediate scrutiny (quasi-suspect) classifications,intermediate_scrutiny_quasi_suspect_classifications,Individual Rights > Equal Protection Clause > Intermediate scrutiny (quasi-suspect) classifications
44040305,Rational basis review classifications,rational_basis_review_classifications,Individual Rights > Equal Protection Clause > Rational basis review classifications
44040400,Privileges and Immunities of Citizens,privileges_and_immunities_of_citizens,Individual Rights > Privileges and Immunities of Citizens
44040401,Privileges or Immunities Clause of the Fourteenth Amendment,privileges_or_immunities_clause_of_the_fourteenth_amendment,Individual Rights > Privileges and Immunities of Citizens > Privileges or Immunities Clause of the Fourteenth Amendment
44040402,"Privileges and Immunities Clause of Article IV, Section 2",privileges_and_immunities_clause_of_article_iv_section_2,"Individual Rights > Privileges and Immunities of Citizens > Privileges and Immunities Clause of Article IV, Section 2"
44040500,First Amendment Protections,first_amendment_protections,Individual Rights > First Amendment Protections
44040501,Freedom of religion,freedom_of_religion,Individual Rights > First Amendment Protections > Freedom of religion
44040502,Freedom of speech and expression,freedom_of_speech_and_expression,Individual Rights > First Amendment Protections > Freedom of speech and expression
44040503,Freedom of the press,freedom_of_the_press,Individual Rights > First Amendment Protections > Freedom of the press
44040504,Freedom of association,freedom_of_association,Individual Rights > First Amendment Protections > Freedom of association
44040600,Other Protections,other_protections,Individual Rights > Other Protections
44040601,Bills of attainder,bills_of_attainder,Individual Rights > Other Protections > Bills of attainder
44040602,Ex post facto laws,ex_post_facto_laws,Individual Rights > Other Protections > Ex post facto laws
44040603,Contracts Clause,contracts_clause,Individual Rights > Other Protections > Contracts Clause
44040604,Eminent domain—Takings Clause,eminent_domain_takings_clause,Individual Rights > Other Protections > Eminent domain—Takings Clause
51060000,Remedies,remedies,Remedies
51060100,Damages,damages,Remedies > Damages
51060101,Expectation damages,expectation_damages,Remedies > Damages > Expectation damages
51060102,Reliance damages,reliance_damages,Remedies > Damages > Reliance damages
51060103,Consequential damages,consequential_damages,Remedies > Damages > Consequential damages
51060104,Incidental damages,incidental_damages,Remedies > Damages > Incidental damages
51060105,Liquidated damages,liquidated_damages,Remedies > Damages > Liquidated damages
51060106,Nominal damages,nominal_damages,Remedies > Damages > Nominal damages
51060107,Duty to mitigate,duty_to_mitigate,Remedies > Damages > Duty to mitigate
51060200,Legal Restitution,legal_restitution,Remedies > Legal Restitution
51060201,Legal Restitution,legal_restitution,Remedies > Legal Restitution > Legal Restitution
51060202,Replevin,replevin,Remedies > Legal Restitution > Replevin
51060300,Equitable Remedies,equitable_remedies,Remedies > Equitable Remedies
51060301,Equitable Restitution,equitable_restitution,Remedies > Equitable Remedies > Equitable Restitution
51060302,Rescission,rescission,Remedies > Equitable Remedies > Rescission
51060303,Reformation,reformation,Remedies > Equitable Remedies > Reformation
51060304,Specific performance,specific_performance,Remedies > Equitable Remedies > Specific performance
51060305,Injunctions,injunctions,Remedies > Equitable Remedies > Injunctions
52040000,"Gap-Fillers, Interpretation, and the Parol Evidence Rule",gap_fillers_interpretation_and_the_parol_evidence_rule,"Gap-Fillers, Interpretation, and the Parol Evidence Rule"
52040100,Gap-Fillers,gap_fillers,"Gap-Fillers, Interpretation, and the Parol Evidence Rule > Gap-Fillers"
52040200,Interpretation,interpretation,"Gap-Fillers, Interpretation, and the Parol Evidence Rule > Interpretation"
52040300,Parol Evidence Rule,parol_evidence_rule,"Gap-Fillers, Interpretation, and the Parol Evidence Rule > Parol Evidence Rule"
53070000,Nonparties to Contract,nonparties_to_contract,Nonparties to Contract
53070100,Third-Party Beneficiary Contracts,third_party_beneficiary_contracts,Nonparties to Contract > Third-Party Beneficiary Contracts
53070200,Assignment of Rights,assignment_of_rights,Nonparties to Contract > Assignment of Rights
53070300,Delegation of Duties,delegation_of_duties,Nonparties to Contract > Delegation of Duties
54030000,Defenses to Formation or Enforcement,defenses_to_formation_or_enforcement,Defenses to Formation or Enforcement
54030100,Lack of Capacity,lack_of_capacity,Defenses to Formation or Enforcement > Lack of Capacity
54030200,Illegality,illegality,Defenses to Formation or Enforcement > Illegality
54030300,Unconscionability,unconscionability,Defenses to Formation or Enforcement > Unconscionability
54030400,Statute of Frauds,statute_of_frauds,Defenses to Formation or Enforcement > Statute of Frauds
54030500,Ambiguity,ambiguity,Defenses to Formation or Enforcement > Ambiguity
54030600,Mistake / Lack of Mutual Assent,mistake_lack_of_mutual_assent,Defenses to Formation or Enforcement > Mistake / Lack of Mutual Assent
54030700,Duress,duress,Defenses to Formation or Enforcement > Duress
54030800,Misrepresentation / Fraud,misrepresentation_fraud,Defenses to Formation or Enforcement > Misrepresentation / Fraud
54030900,Undue Influence,undue_influence,Defenses to Formation or Enforcement > Undue Influence
54031000,Public Policy,public_policy,Defenses to Formation or Enforcement > Public Policy
55010000,Introductory Principles / Applicable Law,introductory_principles_applicable_law,Introductory Principles / Applicable Law
55010100,Sources of Law,sources_of_law,Introductory Principles / Applicable Law > Sources of Law
55010101,Uniform Commercial Code (UCC),uniform_commercial_code_ucc,Introductory Principles / Applicable Law > Sources of Law > Uniform Commercial Code (UCC)
55010102,Common law,common_law,Introductory Principles / Applicable Law > Sources of Law > Common law
55010200,Types of Agreements,types_of_agreements,Introductory Principles / Applicable Law > Types of Agreements
55010201,Bilateral contract,bilateral_contract,Introductory Principles / Applicable Law > Types of Agreements > Bilateral contract
55010202,Unilateral contract,unilateral_contract,Introductory Principles / Applicable Law > Types of Agreements > Unilateral contract
55020000,Formation,formation,Formation
55020100,Mutual Assent,mutual_assent,Formation > Mutual Assent
55020101,Offer,offer,Formation > Mutual Assent > Offer
55020102,Acceptance,acceptance,Formation > Mutual Assent > Acceptance
55020200,Consideration,consideration,Formation > Consideration
55020201,Bargain and exchange,bargain_and_exchange,Formation > Consideration > Bargain and exchange
55020202,Illusory promises,illusory_promises,Formation > Consideration > Illusory promises
55020203,Requirement and output contracts,requirement_and_output_contracts,Formation > Consideration > Requirement and output contracts
55020204,Preexisting duty,preexisting_duty,Formation > Consideration > Preexisting duty
55020205,Sufficiency of consideration,sufficiency_of_consideration,Formation > Consideration > Sufficiency of consideration
55020300,Promissory Estoppel,promissory_estoppel,Formation > Promissory Estoppel
55020400,Implied-in-fact contracts,implied_in_fact_contracts,Formation > Implied-in-fact contracts
55020500,Implied-in-law contracts,implied_in_law_contracts,Formation > Implied-in-law contracts
56050000,"Performance, Breach, and Excuse",performance_breach_and_excuse,"Performance, Breach, and Excuse"
56050100,Conditions,conditions,"Performance, Breach, and Excuse > Conditions"
56050101,Covenants,covenants,"Performance, Breach, and Excuse > Conditions > Covenants"
56050102,Conditions,conditions,"Performance, Breach, and Excuse > Conditions > Conditions"
56050200,Modifications,modifications,"Performance, Breach, and Excuse > Modifications"
56050300,Performance,performance,"Performance, Breach, and Excuse > Performance"
56050400,Breach,breach,"Performance, Breach, and Excuse > Breach"
56050401,Material v. Minor,material_v_minor,"Performance, Breach, and Excuse > Breach > Material v. Minor"
56050402,Perfect Tender Rule,perfect_tender_rule,"Performance, Breach, and Excuse > Breach > Perfect Tender Rule"
56050403,Anticipatory repudiation,anticipatory_repudiation,"Performance, Breach, and Excuse > Breach > Anticipatory repudiation"
56050500,Discharge of Contracts,discharge_of_contracts,"Performance, Breach, and Excuse > Discharge of Contracts"
56050600,Excuse of Condition/Discharge of Duty,excuse_of_condition_discharge_of_duty,"Performance, Breach, and Excuse > Excuse of Condition/Discharge of Duty"
56050601,Impossibility,impossibility,"Performance, Breach, and Excuse > Excuse of Condition/Discharge of Duty > Impossibility"
56050602,Impracticability,impracticability,"Performance, Breach, and Excuse > Excuse of Condition/Discharge of Duty > Impracticability"
56050603,Frustration of purpose,frustration_of_purpose,"Performance, Breach, and Excuse > Excuse of Condition/Discharge of Duty > Frustration of purpose"
56050604,Waiver,waiver,"Performance, Breach, and Excuse > Excuse of Condition/Discharge of Duty > Waiver"
56050605,Estoppel,estoppel,"Performance, Breach, and Excuse > Excuse of Condition/Discharge of Duty > Estoppel"
56050606,Discharge by subsequent agreement,discharge_by_subsequent_agreement,"Performance, Breach, and Excuse > Excuse of Condition/Discharge of Duty > Discharge by subsequent agreement"
56050607,Accord and satisfaction,accord_and_satisfaction,"Performance, Breach, and Excuse > Excuse of Condition/Discharge of Duty > Accord and satisfaction"
56050608,Novation,novation,"Performance, Breach, and Excuse > Excuse of Condition/Discharge of Duty > Novation"
61020000,Negligence,negligence,Negligence
61020100,Duty,duty,Negligence > Duty
61020101,In general,in_general,Negligence > Duty > In general
61020102,Foreseeable plaintiffs,foreseeable_plaintiffs,Negligence > Duty > Foreseeable plaintiffs
61020103,Foreseeable and unreasonable risk,foreseeable_and_unreasonable_risk,Negligence > Duty > Foreseeable and unreasonable risk
61020104,Affirmative duties to act,affirmative_duties_to_act,Negligence > Duty > Affirmative duties to act
61020200,Standard of Due Care,standard_of_due_care,Negligence > Standard of Due Care
61020201,Duty of reasonable prudent person in prevailing circumstances,duty_of_reasonable_prudent_person_in_prevailing_circumstances,Negligence > Standard of Due Care > Duty of reasonable prudent person in prevailing circumstances
61020202,Particular standards of care,particular_standards_of_care,Negligence > Standard of Due Care > Particular standards of care
61020203,Negligent infliction of emotional distress,negligent_infliction_of_emotional_distress,Negligence > Standard of Due Care > Negligent infliction of emotional distress
61020300,Breach,breach,Negligence > Breach
61020301,Falling below the standard of care,falling_below_the_standard_of_care,Negligence > Breach > Falling below the standard of care
61020302,Negligence per se,negligence_per_se,Negligence > Breach > Negligence per se
61020303,Custom,custom,Negligence > Breach > Custom
61020304,Res ipsa loquitur,res_ipsa_loquitur,Negligence > Breach > Res ipsa loquitur
61020400,Causation,causation,Negligence > Causation
61020401,Cause in fact (actual cause),cause_in_fact_actual_cause,Negligence > Causation > Cause in fact (actual cause)
61020402,Proximate (legal) cause,proximate_legal_cause,Negligence > Causation > Proximate (legal) cause
61020500,Damages,damages,Negligence > Damages
61020600,Defenses,defenses,Negligence > Defenses
61020601,Assumption of risk,assumption_of_risk,Negligence > Defenses > Assumption of risk
61020602,Contributory negligence,contributory_negligence,Negligence > Defenses > Contributory negligence
61020603,Comparative negligence,comparative_negligence,Negligence > Defenses > Comparative negligence
62050000,Other Torts,other_torts,Other Torts
62050100,Nuisance,nuisance,Other Torts > Nuisance
62050101,Public,public,Other Torts > Nuisance > Public
62050102,Private,private,Other Torts > Nuisance > Private
62050200,Misrepresentation,misrepresentation,Other Torts > Misrepresentation
62050300,Economic Torts,economic_torts,Other Torts > Economic Torts
62050301,Interference with contractual relations,interference_with_contractual_relations,Other Torts > Economic Torts > Interference with contractual relations
62050302,Interference with prospective advantage,interference_with_prospective_advantage,Other Torts > Economic Torts > Interference with prospective advantage
62050303,Injurious falsehood (trade libel),injurious_falsehood_trade_libel,Other Torts > Economic Torts > Injurious falsehood (trade libel)
62050400,"Defamation, Privacy, and Reputation Torts",defamation_privacy_and_reputation_torts,"Other Torts > Defamation, Privacy, and Reputation Torts"
62050401,Defamation,defamation,"Other Torts > Defamation, Privacy, and Reputation Torts > Defamation"
62050402,Invasion of privacy,invasion_of_privacy,"Other Torts > Defamation, Privacy, and Reputation Torts > Invasion of privacy"
62050403,Malicious prosecution,malicious_prosecution,"Other Torts > Defamation, Privacy, and Reputation Torts > Malicious prosecution"
62050404,Abuse of process,abuse_of_process,"Other Torts > Defamation, Privacy, and Reputation Torts > Abuse of process"
62050405,Wrongful institution of civil proceedings,wrongful_institution_of_civil_proceedings,"Other Torts > Defamation, Privacy, and Reputation Torts > Wrongful institution of civil proceedings"
62060000,Other Considerations,other_considerations,Other Considerations
62060100,Vicarious Liability for Acts of Others,vicarious_liability_for_acts_of_others,Other Considerations > Vicarious Liability for Acts of Others
62060101,Independent contractor and nondelegable duties,independent_contractor_and_nondelegable_duties,Other Considerations > Vicarious Liability for Acts of Others > Independent contractor and nondelegable duties
62060200,Joint Tortfeasors,joint_tortfeasors,Other Considerations > Joint Tortfeasors
62060201,Joint and several liability,joint_and_several_liability,Other Considerations > Joint Tortfeasors > Joint and several liability
62060202,Satisfaction and release,satisfaction_and_release,Other Considerations > Joint Tortfeasors > Satisfaction and release
62060203,Contribution and indemnity,contribution_and_indemnity,Other Considerations > Joint Tortfeasors > Contribution and indemnity
62060204,Apportionment of damages,apportionment_of_damages,Other Considerations > Joint Tortfeasors > Apportionment of damages
62060300,Wrongful Death and Survival Actions,wrongful_death_and_survival_actions,Other Considerations > Wrongful Death and Survival Actions
62060400,Loss of Consortium,loss_of_consortium,Other Considerations > Loss of Consortium
63030000,Products Liability,products_liability,Products Liability
63030100,Strict Products Liability,strict_products_liability,Products Liability > Strict Products Liability
63030200,Negligence Theory,negligence_theory,Products Liability > Negligence Theory
63030300,Warranty Theory,warranty_theory,Products Liability > Warranty Theory
63030301,Express warranties,express_warranties,Products Liability > Warranty Theory > Express warranties
63030302,Implied warranties,implied_warranties,Products Liability > Warranty Theory > Implied warranties
63030400,Defenses,defenses,Products Liability > Defenses
63040000,Strict Liability,strict_liability,Strict Liability
63040100,Abnormally Dangerous Activities,abnormally_dangerous_activities,Strict Liability > Abnormally Dangerous Activities
63040200,Possession of Animals,possession_of_animals,Strict Liability > Possession of Animals
63040300,Defenses,defenses,Strict Liability > Defenses
64010000,Intentional Torts,intentional_torts,Intentional Torts
64010100,Intentional Torts to the Person,intentional_torts_to_the_person,Intentional Torts > Intentional Torts to the Person
64010101,Assault,assault,Intentional Torts > Intentional Torts to the Person > Assault
64010102,Battery,battery,Intentional Torts > Intentional Torts to the Person > Battery
64010103,False imprisonment,false_imprisonment,Intentional Torts > Intentional Torts to the Person > False imprisonment
64010104,Intentional infliction of emotional distress,intentional_infliction_of_emotional_distress,Intentional Torts > Intentional Torts to the Person > Intentional infliction of emotional distress
64010200,Intentional Torts to Property,intentional_torts_to_property,Intentional Torts > Intentional Torts to Property
64010201,Trespass to land,trespass_to_land,Intentional Torts > Intentional Torts to Property > Trespass to land
64010202,Trespass to chattel,trespass_to_chattel,Intentional Torts > Intentional Torts to Property > Trespass to chattel
64010203,Conversion,conversion,Intentional Torts > Intentional Torts to Property > Conversion
64010300,Transferred Intent,transferred_intent,Intentional Torts > Transferred Intent
64010400,Defenses to Intentional Torts,defenses_to_intentional_torts,Intentional Torts > Defenses to Intentional Torts
64010500,Privileges,privileges,Intentional Torts > Privileges
71040000,Inchoate Offenses,inchoate_offenses,Inchoate Offenses
71040100,Solicitation,solicitation,Inchoate Offenses > Solicitation
71040200,Conspiracy,conspiracy,Inchoate Offenses > Conspiracy
71040300,Attempt,attempt,Inchoate Offenses > Attempt
71040400,Defenses,defenses,Inchoate Offenses > Defenses
72010000,General Principles,general_principles,General Principles
72010100,Sources of Criminal Law,sources_of_criminal_law,General Principles > Sources of Criminal Law
72010101,Common law,common_law,General Principles > Sources of Criminal Law > Common law
72010102,Modern law,modern_law,General Principles > Sources of Criminal Law > Modern law
72010103,Model Penal Code,model_penal_code,General Principles > Sources of Criminal Law > Model Penal Code
72010200,Classification of Crimes,classification_of_crimes,General Principles > Classification of Crimes
72010300,Elements of Crimes,elements_of_crimes,General Principles > Elements of Crimes
72010301,Actus reus,actus_reus,General Principles > Elements of Crimes > Actus reus
72010302,Mens rea,mens_rea,General Principles > Elements of Crimes > Mens rea
72010303,Causation,causation,General Principles > Elements of Crimes > Causation
72010400,Merger Doctrine,merger_doctrine,General Principles > Merger Doctrine
72050000,Parties to Crime,parties_to_crime,Parties to Crime
72050100,Principals,principals,Parties to Crime > Principals
72050200,Accomplices,accomplices,Parties to Crime > Accomplices
72050300,Accessories,accessories,Parties to Crime > Accessories
72050400,Scope of liability,scope_of_liability,Parties to Crime > Scope of liability
72060000,Defenses,defenses,Defenses
72060100,Excuse Defenses,excuse_defenses,Defenses > Excuse Defenses
72060101,Responsibility,responsibility,Defenses > Excuse Defenses > Responsibility
72060102,Infancy,infancy,Defenses > Excuse Defenses > Infancy
72060103,Mistake,mistake,Defenses > Excuse Defenses > Mistake
72060104,Impossibility,impossibility,Defenses > Excuse Defenses > Impossibility
72060105,Entrapment,entrapment,Defenses > Excuse Defenses > Entrapment
72060106,Consent,consent,Defenses > Excuse Defenses > Consent
72060200,Justification Defenses,justification_defenses,Defenses > Justification Defenses
72060201,Self-defense,self_defense,Defenses > Justification Defenses > Self-defense
72060202,Imperfect self-defense,imperfect_self_defense,Defenses > Justification Defenses > Imperfect self-defense
72060203,Defense of others,defense_of_others,Defenses > Justification Defenses > Defense of others
72060204,Defense of dwelling,defense_of_dwelling,Defenses > Justification Defenses > Defense of dwelling
72060205,Defense of property,defense_of_property,Defenses > Justification Defenses > Defense of property
72060206,Duress,duress,Defenses > Justification Defenses > Duress
72060207,Necessity,necessity,Defenses > Justification Defenses > Necessity
73020000,Crimes against the Person,crimes_against_the_person,Crimes against the Person
73020200,Assault,assault,Crimes against the Person > Assault
73020300,Battery,battery,Crimes against the Person > Battery
73020400,False imprisonment,false_imprisonment,Crimes against the Person > False imprisonment
73020500,Kidnapping,kidnapping,Crimes against the Person > Kidnapping
73020600,Mayhem,mayhem,Crimes against the Person > Mayhem
73020700,Rape,rape,Crimes against the Person > Rape
73030000,Crimes against Property,crimes_against_property,Crimes against Property
73030100,Larceny,larceny,Crimes against Property > Larceny
73030200,Larceny by trick,larceny_by_trick,Crimes against Property > Larceny by trick
73030300,False pretenses,false_pretenses,Crimes against Property > False pretenses
73030400,Robbery,robbery,Crimes against Property > Robbery
73030500,Embezzlement,embezzlement,Crimes against Property > Embezzlement
73030600,Extortion,extortion,Crimes against Property > Extortion
73030700,Forgery,forgery,Crimes against Property > Forgery
73030800,Possession offenses,possession_offenses,Crimes against Property > Possession offenses
73030801,Receipt of stolen property,receipt_of_stolen_property,Crimes against Property > Possession offenses > Receipt of stolen property
73030802,Controlled substances,controlled_substances,Crimes against Property > Possession offenses > Controlled substances
73030803,Firearms,firearms,Crimes against Property > Possession offenses > Firearms
73030900,Arson,arson,Crimes against Property > Arson
73031000,Burglary,burglary,Crimes against Property > Burglary
74020100,Homicide,homicide,Crimes against the Person > Homicide
74020101,Murder,murder,Crimes against the Person > Homicide > Murder
74020102,Manslaughter,manslaughter,Crimes against the Person > Homicide > Manslaughter
75070000,Fourth Amendment,fourth_amendment,Fourth Amendment
75070100,Arrest and Detention,arrest_and_detention,Fourth Amendment > Arrest and Detention
75070200,Searches and Seizures,searches_and_seizures,Fourth Amendment > Searches and Seizures
75070201,Warrant requirement,warrant_requirement,Fourth Amendment > Searches and Seizures > Warrant requirement
75070202,Exceptions to warrant requirement,exceptions_to_warrant_requirement,Fourth Amendment > Searches and Seizures > Exceptions to warrant requirement
75080000,"Fifth and Sixth Amendments—Statements, Confessions, and Identifications",fifth_and_sixth_amendments_statements_confessions_and_identifications,"Fifth and Sixth Amendments—Statements, Confessions, and Identifications"
75080100,Statements and Confessions,statements_and_confessions,"Fifth and Sixth Amendments—Statements, Confessions, and Identifications > Statements and Confessions"
75080101,Voluntary statements,voluntary_statements,"Fifth and Sixth Amendments—Statements, Confessions, and Identifications > Statements and Confessions > Voluntary statements"
75080102,Waiver,waiver,"Fifth and Sixth Amendments—Statements, Confessions, and Identifications > Statements and Confessions > Waiver"
75080200,Identifications,identifications,"Fifth and Sixth Amendments—Statements, Confessions, and Identifications > Identifications"
75080300,Right to Confrontation,right_to_confrontation,"Fifth and Sixth Amendments—Statements, Confessions, and Identifications > Right to Confrontation"
75080400,Double Jeopardy,double_jeopardy,"Fifth and Sixth Amendments—Statements, Confessions, and Identifications > Double Jeopardy"
75080401,Attachment,attachment,"Fifth and Sixth Amendments—Statements, Confessions, and Identifications > Double Jeopardy > Attachment"
75080402,Underlying Offense,underlying_offense,"Fifth and Sixth Amendments—Statements, Confessions, and Identifications > Double Jeopardy > Underlying Offense"
75080403,Separate Sovereignties Doctrine,separate_sovereignties_doctrine,"Fifth and Sixth Amendments—Statements, Confessions, and Identifications > Double Jeopardy > Separate Sovereignties Doctrine"
75080404,Retrial after Attachment,retrial_after_attachment,"Fifth and Sixth Amendments—Statements, Confessions, and Identifications > Double Jeopardy > Retrial after Attachment"
75080405,Effect on Sentencing,effect_on_sentencing,"Fifth and Sixth Amendments—Statements, Confessions, and Identifications > Double Jeopardy > Effect on Sentencing"
75090000,Sixth Amendment—Other Rights of the Accused,sixth_amendment_other_rights_of_the_accused,Sixth Amendment—Other Rights of the Accused
75090100,Right to Jury Trial,right_to_jury_trial,Sixth Amendment—Other Rights of the Accused > Right to Jury Trial
75090200,Right to Speedy Trial,right_to_speedy_trial,Sixth Amendment—Other Rights of the Accused > Right to Speedy Trial
75090300,Right to Public Trial,right_to_public_trial,Sixth Amendment—Other Rights of the Accused > Right to Public Trial
75090400,Right to Counsel,right_to_counsel,Sixth Amendment—Other Rights of the Accused > Right to Counsel
75090500,Right to Fair Trial,right_to_fair_trial,Sixth Amendment—Other Rights of the Accused > Right to Fair Trial
75090600,Rights during Discovery,rights_during_discovery,Sixth Amendment—Other Rights of the Accused > Rights during Discovery
75100000,Exclusionary Rule,exclusionary_rule,Exclusionary Rule
75110000,Post-Trial Rights,post_trial_rights,Post-Trial Rights
75110100,Eighth Amendment,eighth_amendment,Post-Trial Rights > Eighth Amendment
75110200,Rights during Sentencing,rights_during_sentencing,Post-Trial Rights > Rights during Sentencing
75110300,Appeal,appeal,Post-Trial Rights > Appeal
75110400,Writ of Habeas Corpus,writ_of_habeas_corpus,Post-Trial Rights > Writ of Habeas Corpus
75120000,Other Considerations,other_considerations,Other Considerations
75120100,Ex Post Facto Crimes,ex_post_facto_crimes,Other Considerations > Ex Post Facto Crimes
75120200,Retroactivity of Later Decisions,retroactivity_of_later_decisions,Other Considerations > Retroactivity of Later Decisions
75120300,Fourteenth Amendment Identifications,fourteenth_amendment_identifications,Other Considerations > Fourteenth Amendment Identifications
75120400,Competency,competency,Other Considerations > Competency
81020000,Non-Possessory Rights and Interests in Land,non_possessory_rights_and_interests_in_land,Non-Possessory Rights and Interests in Land
81020100,Easements,easements,Non-Possessory Rights and Interests in Land > Easements
81020101,Nature and Type,nature_and_type,Non-Possessory Rights and Interests in Land > Easements > Nature and Type
81020102,Creation,creation,Non-Possessory Rights and Interests in Land > Easements > Creation
81020103,Scope,scope,Non-Possessory Rights and Interests in Land > Easements > Scope
81020104,Transferability,transferability,Non-Possessory Rights and Interests in Land > Easements > Transferability
81020105,Termination and Modification,termination_and_modification,Non-Possessory Rights and Interests in Land > Easements > Termination and Modification
81020200,Profits,profits,Non-Possessory Rights and Interests in Land > Profits
81020300,Licenses,licenses,Non-Possessory Rights and Interests in Land > Licenses
81020400,Real Covenants,real_covenants,Non-Possessory Rights and Interests in Land > Real Covenants
81020401,Running with the land,running_with_the_land,Non-Possessory Rights and Interests in Land > Real Covenants > Running with the land
81020402,Termination,termination,Non-Possessory Rights and Interests in Land > Real Covenants > Termination
81020500,Equitable Servitudes / Restrictive Covenants,equitable_servitudes_restrictive_covenants,Non-Possessory Rights and Interests in Land > Equitable Servitudes / Restrictive Covenants
81020501,Implied from common scheme,implied_from_common_scheme,Non-Possessory Rights and Interests in Land > Equitable Servitudes / Restrictive Covenants > Implied from common scheme
81020502,Running with the land,running_with_the_land,Non-Possessory Rights and Interests in Land > Equitable Servitudes / Restrictive Covenants > Running with the land
81020503,Equitable defenses,equitable_defenses,Non-Possessory Rights and Interests in Land > Equitable Servitudes / Restrictive Covenants > Equitable defenses
81020504,Termination,termination,Non-Possessory Rights and Interests in Land > Equitable Servitudes / Restrictive Covenants > Termination
81020600,Fixtures,fixtures,Non-Possessory Rights and Interests in Land > Fixtures
81020601,Definition,definition,Non-Possessory Rights and Interests in Land > Fixtures > Definition
81020602,Ownership,ownership,Non-Possessory Rights and Interests in Land > Fixtures > Ownership
81020603,Removal,removal,Non-Possessory Rights and Interests in Land > Fixtures > Removal
81020700,Zoning,zoning,Non-Possessory Rights and Interests in Land > Zoning
81020701,Nonconforming use,nonconforming_use,Non-Possessory Rights and Interests in Land > Zoning > Nonconforming use
81020702,Variances and special exceptions,variances_and_special_exceptions,Non-Possessory Rights and Interests in Land > Zoning > Variances and special exceptions
81020800,Takings,takings,Non-Possessory Rights and Interests in Land > Takings
81020801,Actual Takings,actual_takings,Non-Possessory Rights and Interests in Land > Takings > Actual Takings
81020802,Regulatory,regulatory,Non-Possessory Rights and Interests in Land > Takings > Regulatory
81020900,Support Rights,support_rights,Non-Possessory Rights and Interests in Land > Support Rights
81020901,Lateral,lateral,Non-Possessory Rights and Interests in Land > Support Rights > Lateral
81020902,Subjacent,subjacent,Non-Possessory Rights and Interests in Land > Support Rights > Subjacent
82010000,Nature and Ownership of Land,nature_and_ownership_of_land,Nature and Ownership of Land
82010100,Present Possessory Interests in Land,present_possessory_interests_in_land,Nature and Ownership of Land > Present Possessory Interests in Land
82010101,Fee simple absolute,fee_simple_absolute,Nature and Ownership of Land > Present Possessory Interests in Land > Fee simple absolute
82010102,Defeasible fees,defeasible_fees,Nature and Ownership of Land > Present Possessory Interests in Land > Defeasible fees
82010103,Life estates,life_estates,Nature and Ownership of Land > Present Possessory Interests in Land > Life estates
82010200,Future Interests,future_interests,Nature and Ownership of Land > Future Interests
82010201,Contingent and vested remainders,contingent_and_vested_remainders,Nature and Ownership of Land > Future Interests > Contingent and vested remainders
82010202,Reversions,reversions,Nature and Ownership of Land > Future Interests > Reversions
82010203,Executory interests,executory_interests,Nature and Ownership of Land > Future Interests > Executory interests
82010204,Possibility of reverter,possibility_of_reverter,Nature and Ownership of Land > Future Interests > Possibility of reverter
82010205,Power of termination,power_of_termination,Nature and Ownership of Land > Future Interests > Power of termination
82010300,Concurrent Estates,concurrent_estates,Nature and Ownership of Land > Concurrent Estates
82010301,Joint tenancy,joint_tenancy,Nature and Ownership of Land > Concurrent Estates > Joint tenancy
82010302,Tenancy in common,tenancy_in_common,Nature and Ownership of Land > Concurrent Estates > Tenancy in common
82010303,Rights and duties of co-tenants,rights_and_duties_of_co_tenants,Nature and Ownership of Land > Concurrent Estates > Rights and duties of co-tenants
82010304,Partition and severance,partition_and_severance,Nature and Ownership of Land > Concurrent Estates > Partition and severance
82010400,Landlord and Tenant,landlord_and_tenant,Nature and Ownership of Land > Landlord and Tenant
82010401,Types of tenancies,types_of_tenancies,Nature and Ownership of Land > Landlord and Tenant > Types of tenancies
82010402,Duties and remedies,duties_and_remedies,Nature and Ownership of Land > Landlord and Tenant > Duties and remedies
82010403,Retaliatory evictions,retaliatory_evictions,Nature and Ownership of Land > Landlord and Tenant > Retaliatory evictions
82010404,Assignments and subletting,assignments_and_subletting,Nature and Ownership of Land > Landlord and Tenant > Assignments and subletting
82010405,"Termination, including surrender and mitigation",termination_including_surrender_and_mitigation,"Nature and Ownership of Land > Landlord and Tenant > Termination, including surrender and mitigation"
82010500,Problems with Interests in Land,problems_with_interests_in_land,Nature and Ownership of Land > Problems with Interests in Land
82010501,Waste,waste,Nature and Ownership of Land > Problems with Interests in Land > Waste
82010502,Gifts to classes,gifts_to_classes,Nature and Ownership of Land > Problems with Interests in Land > Gifts to classes
82010503,Rule Against Perpetuities,rule_against_perpetuities,Nature and Ownership of Land > Problems with Interests in Land > Rule Against Perpetuities
82010504,Restraints on alienation,restraints_on_alienation,Nature and Ownership of Land > Problems with Interests in Land > Restraints on alienation
83050000,Mortgages and Security Devices,mortgages_and_security_devices,Mortgages and Security Devices
83050100,Types of Security Interests,types_of_security_interests,Mortgages and Security Devices > Types of Security Interests
83050101,Mortgage,mortgage,Mortgages and Security Devices > Types of Security Interests > Mortgage
83050102,Purchase-money mortgage,purchase_money_mortgage,Mortgages and Security Devices > Types of Security Interests > Purchase-money mortgage
83050103,Future-advance mortgage,future_advance_mortgage,Mortgages and Security Devices > Types of Security Interests > Future-advance mortgage
83050104,Installment land-sale contract,installment_land_sale_contract,Mortgages and Security Devices > Types of Security Interests > Installment land-sale contract
83050105,Equitable mortgage,equitable_mortgage,Mortgages and Security Devices > Types of Security Interests > Equitable mortgage
83050106,Deed of trust,deed_of_trust,Mortgages and Security Devices > Types of Security Interests > Deed of trust
83050107,Liens,liens,Mortgages and Security Devices > Types of Security Interests > Liens
83050200,Mortgage Theories,mortgage_theories,Mortgages and Security Devices > Mortgage Theories
83050201,Lien theory,lien_theory,Mortgages and Security Devices > Mortgage Theories > Lien theory
83050202,Title theory,title_theory,Mortgages and Security Devices > Mortgage Theories > Title theory
83050203,Intermediate theory,intermediate_theory,Mortgages and Security Devices > Mortgage Theories > Intermediate theory
83050300,Pre-Foreclosure Rights and Obligations,pre_foreclosure_rights_and_obligations,Mortgages and Security Devices > Pre-Foreclosure Rights and Obligations
83050301,Duty to pay principal and interest,duty_to_pay_principal_and_interest,Mortgages and Security Devices > Pre-Foreclosure Rights and Obligations > Duty to pay principal and interest
83050302,Enforcement of Contract Provisions,enforcement_of_contract_provisions,Mortgages and Security Devices > Pre-Foreclosure Rights and Obligations > Enforcement of Contract Provisions
83050303,Possession and title,possession_and_title,Mortgages and Security Devices > Pre-Foreclosure Rights and Obligations > Possession and title
83050400,Transfers of Interest,transfers_of_interest,Mortgages and Security Devices > Transfers of Interest
83050401,Transfers by mortgagor,transfers_by_mortgagor,Mortgages and Security Devices > Transfers of Interest > Transfers by mortgagor
83050402,Transfers by mortgagee,transfers_by_mortgagee,Mortgages and Security Devices > Transfers of Interest > Transfers by mortgagee
83050500,Discharge of the Mortgage,discharge_of_the_mortgage,Mortgages and Security Devices > Discharge of the Mortgage
83050501,"Payment, including prepayment",payment_including_prepayment,"Mortgages and Security Devices > Discharge of the Mortgage > Payment, including prepayment"
83050502,Deed in lieu of foreclosure,deed_in_lieu_of_foreclosure,Mortgages and Security Devices > Discharge of the Mortgage > Deed in lieu of foreclosure
83050600,Foreclosure,foreclosure,Mortgages and Security Devices > Foreclosure
83050601,Procedure,procedure,Mortgages and Security Devices > Foreclosure > Procedure
83050602,Right to Redemption,right_to_redemption,Mortgages and Security Devices > Foreclosure > Right to Redemption
83050603,Parties and priorities,parties_and_priorities,Mortgages and Security Devices > Foreclosure > Parties and priorities
83050604,Proceeds,proceeds,Mortgages and Security Devices > Foreclosure > Proceeds
84040000,"Titles, Deeds, and Conveyancing",titles_deeds_and_conveyancing,"Titles, Deeds, and Conveyancing"
84040100,Adverse Possession,adverse_possession,"Titles, Deeds, and Conveyancing > Adverse Possession"
84040101,Requirements,requirements,"Titles, Deeds, and Conveyancing > Adverse Possession > Requirements"
84040102,Mistaken boundaries,mistaken_boundaries,"Titles, Deeds, and Conveyancing > Adverse Possession > Mistaken boundaries"
84040103,Title acquired,title_acquired,"Titles, Deeds, and Conveyancing > Adverse Possession > Title acquired"
84040200,Conveyance by Deed,conveyance_by_deed,"Titles, Deeds, and Conveyancing > Conveyance by Deed"
84040201,Requirements for valid deed,requirements_for_valid_deed,"Titles, Deeds, and Conveyancing > Conveyance by Deed > Requirements for valid deed"
84040202,Statute of Frauds,statute_of_frauds,"Titles, Deeds, and Conveyancing > Conveyance by Deed > Statute of Frauds"
84040203,Delivery and acceptance,delivery_and_acceptance,"Titles, Deeds, and Conveyancing > Conveyance by Deed > Delivery and acceptance"
84040204,Types of deeds,types_of_deeds,"Titles, Deeds, and Conveyancing > Conveyance by Deed > Types of deeds"
84040205,Covenants of title,covenants_of_title,"Titles, Deeds, and Conveyancing > Conveyance by Deed > Covenants of title"
84040206,Estoppel by deed,estoppel_by_deed,"Titles, Deeds, and Conveyancing > Conveyance by Deed > Estoppel by deed"
84040207,After-acquired title,after_acquired_title,"Titles, Deeds, and Conveyancing > Conveyance by Deed > After-acquired title"
84040208,Forged instruments,forged_instruments,"Titles, Deeds, and Conveyancing > Conveyance by Deed > Forged instruments"
84040300,Conveyance by Operation of Law and Will,conveyance_by_operation_of_law_and_will,"Titles, Deeds, and Conveyancing > Conveyance by Operation of Law and Will"
84040400,Recording Acts,recording_acts,"Titles, Deeds, and Conveyancing > Recording Acts"
84040401,Common law rule,common_law_rule,"Titles, Deeds, and Conveyancing > Recording Acts > Common law rule"
84040402,Types of statutes,types_of_statutes,"Titles, Deeds, and Conveyancing > Recording Acts > Types of statutes"
84040403,Bona fide purchaser,bona_fide_purchaser,"Titles, Deeds, and Conveyancing > Recording Acts > Bona fide purchaser"
84040404,Types of notice,types_of_notice,"Titles, Deeds, and Conveyancing > Recording Acts > Types of notice"
84040405,Indexes,indexes,"Titles, Deeds, and Conveyancing > Recording Acts > Indexes"
84040406,Priorities,priorities,"Titles, Deeds, and Conveyancing > Recording Acts > Priorities"
85030000,Real Property Contracts,real_property_contracts,Real Property Contracts
85030100,Land-Sale Contracts,land_sale_contracts,Real Property Contracts > Land-Sale Contracts
85030101,Creation,creation,Real Property Contracts > Land-Sale Contracts > Creation
85030102,Essential terms,essential_terms,Real Property Contracts > Land-Sale Contracts > Essential terms
85030103,Time for performance,time_for_performance,Real Property Contracts > Land-Sale Contracts > Time for performance
85030200,Options and Rights of First Refusal,options_and_rights_of_first_refusal,Real Property Contracts > Options and Rights of First Refusal
85030300,Marketable Title,marketable_title,Real Property Contracts > Marketable Title
85030400,Risk of Loss and Equitable Conversion,risk_of_loss_and_equitable_conversion,Real Property Contracts > Risk of Loss and Equitable Conversion
91090000,Trial,trial,Trial
91090100,Right to Jury Trial,right_to_jury_trial,Trial > Right to Jury Trial
91090200,Demand for Jury Trial,demand_for_jury_trial,Trial > Demand for Jury Trial
91090300,Jury Selection,jury_selection,Trial > Jury Selection
91090400,Jury Instructions,jury_instructions,Trial > Jury Instructions
92080000,Motions,motions,Motions
92080100,Pretrial Motions,pretrial_motions,Motions > Pretrial Motions
92080101,Motion for judgment on the pleadings,motion_for_judgment_on_the_pleadings,Motions > Pretrial Motions > Motion for judgment on the pleadings
92080102,Motion for more definite statement,motion_for_more_definite_statement,Motions > Pretrial Motions > Motion for more definite statement
92080103,Motion to strike,motion_to_strike,Motions > Pretrial Motions > Motion to strike
92080104,Motions to dismiss,motions_to_dismiss,Motions > Pretrial Motions > Motions to dismiss
92080105,Summary judgment motion,summary_judgment_motion,Motions > Pretrial Motions > Summary judgment motion
92080200,Trial and Post-Trial Motions,trial_and_post_trial_motions,Motions > Trial and Post-Trial Motions
92080201,Motion for Judgment as a Matter of Law,motion_for_judgment_as_a_matter_of_law,Motions > Trial and Post-Trial Motions > Motion for Judgment as a Matter of Law
92080202,Renewed Motion for Judgment as a Matter of Law,renewed_motion_for_judgment_as_a_matter_of_law,Motions > Trial and Post-Trial Motions > Renewed Motion for Judgment as a Matter of Law
92080203,Motion for relief from judgment or order,motion_for_relief_from_judgment_or_order,Motions > Trial and Post-Trial Motions > Motion for relief from judgment or order
92080204,Motion for new trial,motion_for_new_trial,Motions > Trial and Post-Trial Motions > Motion for new trial
92080205,Remittitur/additur,remittitur_additur,Motions > Trial and Post-Trial Motions > Remittitur/additur
93110000,Appeal and Review,appeal_and_review,Appeal and Review
93110100,Interlocutory Review,interlocutory_review,Appeal and Review > Interlocutory Review
93110101,Final judgment rule,final_judgment_rule,Appeal and Review > Interlocutory Review > Final judgment rule
93110200,Finality of Judgment,finality_of_judgment,Appeal and Review > Finality of Judgment
93110300,Scope of Review,scope_of_review,Appeal and Review > Scope of Review
94010000,Federal Subject-Matter Jurisdiction,federal_subject_matter_jurisdiction,Federal Subject-Matter Jurisdiction
94010100,Diversity Jurisdiction,diversity_jurisdiction,Federal Subject-Matter Jurisdiction > Diversity Jurisdiction
94010200,Federal-Question Jurisdiction,federal_question_jurisdiction,Federal Subject-Matter Jurisdiction > Federal-Question Jurisdiction
94010300,Supplemental Jurisdiction,supplemental_jurisdiction,Federal Subject-Matter Jurisdiction > Supplemental Jurisdiction
94020000,Personal Jurisdiction,personal_jurisdiction,Personal Jurisdiction
94020100,Specific and General Jurisdiction,specific_and_general_jurisdiction,Personal Jurisdiction > Specific and General Jurisdiction
94020200,Traditional Bases for Personal Jurisdiction,traditional_bases_for_personal_jurisdiction,Personal Jurisdiction > Traditional Bases for Personal Jurisdiction
94020201,Consent,consent,Personal Jurisdiction > Traditional Bases for Personal Jurisdiction > Consent
94020202,Service,service,Personal Jurisdiction > Traditional Bases for Personal Jurisdiction > Service
94020203,Domicile,domicile,Personal Jurisdiction > Traditional Bases for Personal Jurisdiction > Domicile
94020300,Modern Due Process or Constitutional Tests,modern_due_process_or_constitutional_tests,Personal Jurisdiction > Modern Due Process or Constitutional Tests
94020301,Long-arm statutes,long_arm_statutes,Personal Jurisdiction > Modern Due Process or Constitutional Tests > Long-arm statutes
94020302,Minimum contacts test,minimum_contacts_test,Personal Jurisdiction > Modern Due Process or Constitutional Tests > Minimum contacts test
94020303,Substantial business,substantial_business,Personal Jurisdiction > Modern Due Process or Constitutional Tests > Substantial business
94030000,Removal and Remand,removal_and_remand,Removal and Remand
94030100,Removal to Federal Court,removal_to_federal_court,Removal and Remand > Removal to Federal Court
94030200,Remand to State Court,remand_to_state_court,Removal and Remand > Remand to State Court
94040000,Notice and Service of Process,notice_and_service_of_process,Notice and Service of Process
94040100,Due Process Notice Requirements,due_process_notice_requirements,Notice and Service of Process > Due Process Notice Requirements
94040200,Service of Process,service_of_process,Notice and Service of Process > Service of Process
94040300,Waiver of Service,waiver_of_service,Notice and Service of Process > Waiver of Service
94050000,Venue,venue,Venue
94050100,Venue,venue,Venue > Venue
94050200,Transfer,transfer,Venue > Transfer
94050300,Forum non conveniens,forum_non_conveniens,Venue > Forum non conveniens
95070000,Pretrial Procedures,pretrial_procedures,Pretrial Procedures
95070100,Pleadings,pleadings,Pretrial Procedures > Pleadings
95070101,Complaint,complaint,Pretrial Procedures > Pleadings > Complaint
95070102,Answer,answer,Pretrial Procedures > Pleadings > Answer
95070103,Counterclaims,counterclaims,Pretrial Procedures > Pleadings > Counterclaims
95070104,Crossclaims,crossclaims,Pretrial Procedures > Pleadings > Crossclaims
95070105,Other pleadings,other_pleadings,Pretrial Procedures > Pleadings > Other pleadings
95070200,Amendment of Pleadings,amendment_of_pleadings,Pretrial Procedures > Amendment of Pleadings
95070300,Multiple Parties and Claims,multiple_parties_and_claims,Pretrial Procedures > Multiple Parties and Claims
95070301,Joinder of claims,joinder_of_claims,Pretrial Procedures > Multiple Parties and Claims > Joinder of claims
95070302,Joinder of parties,joinder_of_parties,Pretrial Procedures > Multiple Parties and Claims > Joinder of parties
95070303,Class actions,class_actions,Pretrial Procedures > Multiple Parties and Claims > Class actions
95070400,Discovery,discovery,Pretrial Procedures > Discovery
95070401,Initial disclosures,initial_disclosures,Pretrial Procedures > Discovery > Initial disclosures
95070402,Devices,devices,Pretrial Procedures > Discovery > Devices
95070403,Scope of discovery,scope_of_discovery,Pretrial Procedures > Discovery > Scope of discovery
95070404,E-Discovery,e_discovery,Pretrial Procedures > Discovery > E-Discovery
95070405,Privileges,privileges,Pretrial Procedures > Discovery > Privileges
95070406,Inadvertent disclosure,inadvertent_disclosure,Pretrial Procedures > Discovery > Inadvertent disclosure
95070407,Sanctions,sanctions,Pretrial Procedures > Discovery > Sanctions
95070500,Rule 11,rule_11,Pretrial Procedures > Rule 11
95070600,Pretrial Conferences and Orders,pretrial_conferences_and_orders,Pretrial Procedures > Pretrial Conferences and Orders
95070700,Disposition without Trial,disposition_without_trial,Pretrial Procedures > Disposition without Trial
95070701,Voluntary dismissal,voluntary_dismissal,Pretrial Procedures > Disposition without Trial > Voluntary dismissal
95070702,Involuntary dismissal,involuntary_dismissal,Pretrial Procedures > Disposition without Trial > Involuntary dismissal
95070703,Summary judgment,summary_judgment,Pretrial Procedures > Disposition without Trial > Summary judgment
95070704,Default judgment,default_judgment,Pretrial Procedures > Disposition without Trial > Default judgment
95070705,"Preliminary injunctions, permanent injunctions, and temporary restraining orders",preliminary_injunctions_permanent_injunctions_and_temporary_restraining_orders,"Pretrial Procedures > Disposition without Trial > Preliminary injunctions, permanent injunctions, and temporary restraining orders"
96060000,State Law Applied in Federal Courts,state_law_applied_in_federal_courts,State Law Applied in Federal Courts
96060100,Erie Doctrine,erie_doctrine,State Law Applied in Federal Courts > Erie Doctrine
96060200,Federal Common Law,federal_common_law,State Law Applied in Federal Courts > Federal Common Law
97100000,Judgments and Verdicts,judgments_and_verdicts,Judgments and Verdicts
97100100,Types of Jury Verdicts,types_of_jury_verdicts,Judgments and Verdicts > Types of Jury Verdicts
97100200,Judicial Findings and Conclusions,judicial_findings_and_conclusions,Judgments and Verdicts > Judicial Findings and Conclusions
97100300,Issue and Claim Preclusion,issue_and_claim_preclusion,Judgments and Verdicts > Issue and Claim Preclusion
97100400,Defaults,defaults,Judgments and Verdicts > Defaults
97100500,Dismissals,dismissals,Judgments and Verdicts > Dismissals
