barmatrix_question_id,percent_correct,correct_answer,most_popular_wrong_answer,heuristic_class,trap_hits,choice_len_avg,charge_menu_score
18308,42.0,C,A,defenses_justification_excuse,element_missing_despite_bad_intent;remedy_vs_right,111.5,0
16170,,B,B,accomplice_party_liability,timing_status_at_moment;lesser_greater_offense_ladder,64,1
20984,58.0,B,A,fourth_amendment_search_seizure,constitutional_threshold;exception_to_exception,73.2,0
20131,60.0,C,A,homicide,timing_status_at_moment;lesser_greater_offense_ladder,59.5,1
20023,58.0,B,A,theft_property_crimes,timing_status_at_moment,96.2,0
17309,60.0,C,A,fourth_amendment_search_seizure,timing_status_at_moment;conspiracy_scope_withdrawal_merger;constitutional_threshold;remedy_vs_right,132.2,0
17852,46.0,C,A,theft_property_crimes,element_missing_despite_bad_intent;lesser_greater_offense_ladder,79,0
19480,58.0,A,B,defenses_justification_excuse,timing_status_at_moment;attempt_preparation_line;lesser_greater_offense_ladder,93.8,1
19082,62.0,C,A,sixth_trial_rights,timing_status_at_moment;lesser_greater_offense_ladder;constitutional_threshold;remedy_vs_right;exception_to_exception,110.8,0
14671,59.0,A,C,theft_property_crimes,element_missing_despite_bad_intent;timing_status_at_moment;lesser_greater_offense_ladder,26.2,3
16049,,B,A,fourth_amendment_search_seizure,timing_status_at_moment;constitutional_threshold;remedy_vs_right,80,0
16121,50.0,D,A,theft_property_crimes,timing_status_at_moment;mental_state_gradient;lesser_greater_offense_ladder,79,0
20416,50.0,C,A,sixth_trial_rights,timing_status_at_moment;constitutional_threshold,175.5,0
18279,70.0,C,A,defenses_justification_excuse,timing_status_at_moment;lesser_greater_offense_ladder,58.2,0
18857,63.0,C,A,mens_rea_actus_reus,,71,0
21189,48.0,C,B,fourth_amendment_search_seizure,constitutional_threshold;remedy_vs_right;exception_to_exception,139,0
14586,39.0,B,A,fifth_miranda_confessions,lesser_greater_offense_ladder,96.2,0
20528,62.0,C,A,defenses_justification_excuse,timing_status_at_moment;conspiracy_scope_withdrawal_merger,73.2,0
18934,45.0,C,A,fifth_miranda_confessions,constitutional_threshold;remedy_vs_right;exception_to_exception,130.5,2
16171,,B,D,inchoate,conspiracy_scope_withdrawal_merger,106.8,1
21358,60.0,C,A,defenses_justification_excuse,element_missing_despite_bad_intent;timing_status_at_moment;mental_state_gradient;lesser_greater_offense_ladder,105.2,3
16206,,C,D,exclusion_double_jeopardy_due_process,lesser_greater_offense_ladder;constitutional_threshold,92.8,1
17947,62.0,C,A,fifth_miranda_confessions,timing_status_at_moment;constitutional_threshold;remedy_vs_right,71.5,0
14680,66.0,D,B,homicide,mental_state_gradient;lesser_greater_offense_ladder,100.5,4
21620,48.0,C,A,fifth_miranda_confessions,timing_status_at_moment;constitutional_threshold;remedy_vs_right;exception_to_exception,78.2,0
16037,58.0,D,A,theft_property_crimes,timing_status_at_moment;lesser_greater_offense_ladder,67,2
14740,78.0,A,B,theft_property_crimes,lesser_greater_offense_ladder,16.8,3
20601,50.0,C,B,fourth_amendment_search_seizure,timing_status_at_moment;constitutional_threshold;remedy_vs_right,131.8,1
21499,59.0,C,B,homicide,timing_status_at_moment;mental_state_gradient;lesser_greater_offense_ladder;constitutional_threshold,72.8,2
19823,62.0,A,B,theft_property_crimes,timing_status_at_moment;lesser_greater_offense_ladder;constitutional_threshold;remedy_vs_right,89,2
17332,60.0,C,A,theft_property_crimes,element_missing_despite_bad_intent;timing_status_at_moment;lesser_greater_offense_ladder,68.8,1
16166,,D,B,defenses_justification_excuse,element_missing_despite_bad_intent;timing_status_at_moment;mental_state_gradient;lesser_greater_offense_ladder;constitutional_threshold,18.8,0
16208,,D,C,fourth_amendment_search_seizure,constitutional_threshold;remedy_vs_right,65.8,0
19572,58.0,B,A,homicide,mental_state_gradient;lesser_greater_offense_ladder,74.8,2
16028,,B,D,homicide,mental_state_gradient;lesser_greater_offense_ladder,47.8,3
16015,,D,A,theft_property_crimes,lesser_greater_offense_ladder,189.5,4
14660,88.0,D,A,homicide,mental_state_gradient;lesser_greater_offense_ladder,22.2,2
14641,36.0,D,A,mens_rea_actus_reus,element_missing_despite_bad_intent;timing_status_at_moment;mental_state_gradient;attempt_preparation_line;conspiracy_scope_withdrawal_merger,93.5,2
16204,,C,D,fifth_miranda_confessions,timing_status_at_moment;mental_state_gradient;lesser_greater_offense_ladder;constitutional_threshold;remedy_vs_right,129.2,0
17855,61.0,C,A,defenses_justification_excuse,timing_status_at_moment;lesser_greater_offense_ladder;exception_to_exception,74,0
14592,77.0,D,C,fourth_amendment_search_seizure,timing_status_at_moment;lesser_greater_offense_ladder;constitutional_threshold;remedy_vs_right;exception_to_exception,117.2,0
16156,,A,B,theft_property_crimes,timing_status_at_moment;lesser_greater_offense_ladder,15,3
20629,45.0,C,A,assault_battery_sex_kidnap,element_missing_despite_bad_intent;mental_state_gradient,102.8,0
16017,,A,B,fourth_amendment_search_seizure,constitutional_threshold;remedy_vs_right,75.2,0
18399,48.0,C,A,fourth_amendment_search_seizure,constitutional_threshold;remedy_vs_right;exception_to_exception,63,0
14610,71.0,D,B,sixth_trial_rights,timing_status_at_moment;remedy_vs_right,97.2,0
20988,60.0,A,C,sixth_trial_rights,timing_status_at_moment;lesser_greater_offense_ladder;constitutional_threshold,67.8,0
21530,62.0,A,B,theft_property_crimes,lesser_greater_offense_ladder,64.2,3
20265,48.0,A,B,theft_property_crimes,element_missing_despite_bad_intent;lesser_greater_offense_ladder;constitutional_threshold,68.2,0
16203,,A,D,fourth_amendment_search_seizure,constitutional_threshold;remedy_vs_right;exception_to_exception,123.2,0
17622,62.0,C,A,fifth_miranda_confessions,timing_status_at_moment;mental_state_gradient;constitutional_threshold;remedy_vs_right,79.2,0
20280,55.0,C,A,fourth_amendment_search_seizure,timing_status_at_moment;constitutional_threshold;remedy_vs_right;exception_to_exception,92.5,1
14656,53.0,B,D,homicide,element_missing_despite_bad_intent;mental_state_gradient;lesser_greater_offense_ladder,82.5,1
16102,,B,A,fourth_amendment_search_seizure,timing_status_at_moment;constitutional_threshold;remedy_vs_right,164.8,0
16042,,A,B,theft_property_crimes,mental_state_gradient;lesser_greater_offense_ladder,11.2,3
16045,,D,C,accomplice_party_liability,conspiracy_scope_withdrawal_merger,100.5,1
17196,44.0,C,A,sixth_trial_rights,timing_status_at_moment;lesser_greater_offense_ladder;constitutional_threshold;remedy_vs_right,116.5,3
14736,92.0,A,D,assault_battery_sex_kidnap,lesser_greater_offense_ladder,71,2
18420,60.0,C,A,exclusion_double_jeopardy_due_process,element_missing_despite_bad_intent,153.2,1
14574,51.0,A,B,fifth_miranda_confessions,timing_status_at_moment;constitutional_threshold;remedy_vs_right,46.8,0
16182,,C,B,fourth_amendment_search_seizure,timing_status_at_moment;constitutional_threshold;remedy_vs_right;exception_to_exception,84.2,0
18471,60.0,C,A,sixth_trial_rights,timing_status_at_moment;constitutional_threshold,102.8,0
20938,45.0,C,B,homicide,element_missing_despite_bad_intent;attempt_preparation_line;conspiracy_scope_withdrawal_merger;lesser_greater_offense_ladder,90.8,4
21037,65.0,C,A,theft_property_crimes,,65,0
16039,,D,A,homicide,timing_status_at_moment;mental_state_gradient;lesser_greater_offense_ladder,115.2,3
18964,58.0,A,D,fourth_amendment_search_seizure,constitutional_threshold;exception_to_exception,77.8,0
14640,81.0,B,A,assault_battery_sex_kidnap,element_missing_despite_bad_intent;timing_status_at_moment;constitutional_threshold,76.2,1
20112,46.0,C,B,assault_battery_sex_kidnap,element_missing_despite_bad_intent;timing_status_at_moment;lesser_greater_offense_ladder,161,3
21629,74.0,C,A,defenses_justification_excuse,,70.5,0
16044,47.0,C,A,homicide,timing_status_at_moment;lesser_greater_offense_ladder,84,3
18500,65.0,B,A,theft_property_crimes,lesser_greater_offense_ladder,62,2
16091,,B,A,defenses_justification_excuse,element_missing_despite_bad_intent;mental_state_gradient,96.8,0
21578,46.0,D,C,homicide,mental_state_gradient;lesser_greater_offense_ladder,103.2,3
20816,42.0,C,A,fifth_miranda_confessions,timing_status_at_moment;constitutional_threshold;remedy_vs_right,187,0
20347,62.0,C,A,fourth_amendment_search_seizure,conspiracy_scope_withdrawal_merger;constitutional_threshold;remedy_vs_right;exception_to_exception,137.8,0
21121,62.0,B,A,inchoate,timing_status_at_moment;attempt_preparation_line,68.8,3
14719,60.0,D,C,theft_property_crimes,element_missing_despite_bad_intent;lesser_greater_offense_ladder,25.5,4
14677,69.0,D,B,homicide,mental_state_gradient;lesser_greater_offense_ladder,32.2,4
14588,40.0,D,A,assault_battery_sex_kidnap,element_missing_despite_bad_intent,86,0
20636,70.0,C,A,fifth_miranda_confessions,timing_status_at_moment;lesser_greater_offense_ladder;constitutional_threshold;remedy_vs_right,67.5,0
19796,60.0,C,A,fifth_miranda_confessions,timing_status_at_moment,78,0
18001,48.0,B,A,defenses_justification_excuse,mental_state_gradient;constitutional_threshold,90.5,0
17362,60.0,C,B,fourth_amendment_search_seizure,constitutional_threshold;remedy_vs_right,105.8,0
19233,60.0,C,A,fifth_miranda_confessions,timing_status_at_moment;constitutional_threshold;remedy_vs_right,74.5,1
17028,62.0,A,B,exclusion_double_jeopardy_due_process,timing_status_at_moment,86.8,0
17405,48.0,C,A,homicide,element_missing_despite_bad_intent;timing_status_at_moment;lesser_greater_offense_ladder,126,2
19454,50.0,C,A,inchoate,element_missing_despite_bad_intent;conspiracy_scope_withdrawal_merger,81.5,2
17153,58.0,A,B,sixth_trial_rights,timing_status_at_moment;constitutional_threshold;remedy_vs_right,82.2,2
16093,,C,A,inchoate,timing_status_at_moment;conspiracy_scope_withdrawal_merger;constitutional_threshold,131,2
18069,72.0,C,A,defenses_justification_excuse,,57.8,0
21192,58.0,D,A,theft_property_crimes,timing_status_at_moment;lesser_greater_offense_ladder;remedy_vs_right,98.5,3
17244,42.0,C,A,sixth_trial_rights,timing_status_at_moment;constitutional_threshold;remedy_vs_right,113,0
21597,72.0,A,C,inchoate,element_missing_despite_bad_intent;timing_status_at_moment;conspiracy_scope_withdrawal_merger,76.2,3
14609,50.0,A,B,fourth_amendment_search_seizure,timing_status_at_moment;constitutional_threshold,103.8,0
16096,,C,A,accomplice_party_liability,timing_status_at_moment;mental_state_gradient;conspiracy_scope_withdrawal_merger;lesser_greater_offense_ladder,99.2,4
16004,46.0,D,D,theft_property_crimes,mental_state_gradient;conspiracy_scope_withdrawal_merger;lesser_greater_offense_ladder,20.8,2
21105,45.0,B,A,theft_property_crimes,timing_status_at_moment;lesser_greater_offense_ladder,74.8,3
14605,50.0,C,D,defenses_justification_excuse,element_missing_despite_bad_intent;timing_status_at_moment;lesser_greater_offense_ladder,152.5,2
21606,60.0,C,A,inchoate,element_missing_despite_bad_intent;timing_status_at_moment;conspiracy_scope_withdrawal_merger;lesser_greater_offense_ladder,91.5,1
16161,,D,B,inchoate,attempt_preparation_line,76.5,3
16118,,C,A,fourth_amendment_search_seizure,constitutional_threshold;exception_to_exception,56.2,0
16155,,C,D,homicide,timing_status_at_moment;lesser_greater_offense_ladder,26.5,3
19934,45.0,B,A,inchoate,timing_status_at_moment;conspiracy_scope_withdrawal_merger;lesser_greater_offense_ladder,104.5,4
14700,83.0,C,A,inchoate,timing_status_at_moment;conspiracy_scope_withdrawal_merger;lesser_greater_offense_ladder,71.2,2
20876,62.0,B,A,fourth_amendment_search_seizure,timing_status_at_moment;constitutional_threshold;exception_to_exception,71.8,0
20263,62.0,A,B,fourth_amendment_search_seizure,constitutional_threshold;remedy_vs_right;exception_to_exception,87.5,2
18456,55.0,B,A,theft_property_crimes,timing_status_at_moment;conspiracy_scope_withdrawal_merger;lesser_greater_offense_ladder,65.2,3
19781,62.0,C,A,fourth_amendment_search_seizure,constitutional_threshold;remedy_vs_right;exception_to_exception,94,0
18580,47.0,A,B,sixth_trial_rights,timing_status_at_moment;lesser_greater_offense_ladder;remedy_vs_right;exception_to_exception,145.5,0
14698,26.0,C,A,theft_property_crimes,timing_status_at_moment;mental_state_gradient;attempt_preparation_line;lesser_greater_offense_ladder,22,3
19954,58.0,A,B,fifth_miranda_confessions,timing_status_at_moment;constitutional_threshold;remedy_vs_right;exception_to_exception,102.5,2
17205,60.0,A,B,theft_property_crimes,lesser_greater_offense_ladder;constitutional_threshold,84,3
21263,52.0,C,A,fourth_amendment_search_seizure,attempt_preparation_line;constitutional_threshold;remedy_vs_right;exception_to_exception,81.8,0
19115,72.0,C,B,accomplice_party_liability,element_missing_despite_bad_intent;lesser_greater_offense_ladder,87.5,0
17786,58.0,C,A,defenses_justification_excuse,timing_status_at_moment;lesser_greater_offense_ladder;constitutional_threshold,112,0
18363,45.0,C,A,fourth_amendment_search_seizure,constitutional_threshold;remedy_vs_right;exception_to_exception,125,2
19964,47.0,C,D,homicide,element_missing_despite_bad_intent;timing_status_at_moment;lesser_greater_offense_ladder,121.8,3
18063,50.0,B,A,inchoate,conspiracy_scope_withdrawal_merger;lesser_greater_offense_ladder,84,1
20194,60.0,A,B,sixth_trial_rights,timing_status_at_moment;mental_state_gradient;lesser_greater_offense_ladder;constitutional_threshold;remedy_vs_right,95.5,0
17358,70.0,C,A,defenses_justification_excuse,,62.2,0
17594,57.0,A,B,sixth_trial_rights,timing_status_at_moment;lesser_greater_offense_ladder;remedy_vs_right;exception_to_exception,96.5,1
19633,50.0,C,B,homicide,timing_status_at_moment;lesser_greater_offense_ladder,76.5,2
16081,58.0,D,A,sixth_trial_rights,timing_status_at_moment;lesser_greater_offense_ladder,83.2,0
14652,78.0,D,A,mens_rea_actus_reus,element_missing_despite_bad_intent;timing_status_at_moment;mental_state_gradient;lesser_greater_offense_ladder,133.2,0
14720,63.0,D,C,theft_property_crimes,lesser_greater_offense_ladder,62.5,3
16005,,A,D,homicide,mental_state_gradient;lesser_greater_offense_ladder,22.2,2
19163,60.0,B,A,inchoate,element_missing_despite_bad_intent;attempt_preparation_line;conspiracy_scope_withdrawal_merger;lesser_greater_offense_ladder,56.5,3
16018,,C,A,inchoate,mental_state_gradient;conspiracy_scope_withdrawal_merger;lesser_greater_offense_ladder,83,3
17127,46.0,C,A,assault_battery_sex_kidnap,element_missing_despite_bad_intent;timing_status_at_moment,79.5,0
14650,43.0,B,A,assault_battery_sex_kidnap,timing_status_at_moment;mental_state_gradient;attempt_preparation_line;lesser_greater_offense_ladder;remedy_vs_right,56.8,3
21080,62.0,C,A,homicide,element_missing_despite_bad_intent;mental_state_gradient;lesser_greater_offense_ladder,142.2,2
18066,58.0,C,B,fourth_amendment_search_seizure,conspiracy_scope_withdrawal_merger;constitutional_threshold;remedy_vs_right;exception_to_exception,71,2
16104,,D,A,inchoate,mental_state_gradient;conspiracy_scope_withdrawal_merger,85.8,0
16090,,A,D,fourth_amendment_search_seizure,constitutional_threshold;remedy_vs_right,108.8,0
16060,55.0,B,A,theft_property_crimes,element_missing_despite_bad_intent;lesser_greater_offense_ladder,100,4
16198,,D,B,fourth_amendment_search_seizure,timing_status_at_moment;lesser_greater_offense_ladder;constitutional_threshold;remedy_vs_right,114.2,0
16098,60.0,D,C,mens_rea_actus_reus,timing_status_at_moment;mental_state_gradient,61.5,2
19597,65.0,A,B,fourth_amendment_search_seizure,constitutional_threshold;remedy_vs_right,75.5,1
17312,58.0,C,B,fourth_amendment_search_seizure,constitutional_threshold;remedy_vs_right;exception_to_exception,136.5,0
16113,,B,C,theft_property_crimes,timing_status_at_moment;lesser_greater_offense_ladder,482.8,1
16006,,A,B,theft_property_crimes,mental_state_gradient;lesser_greater_offense_ladder;constitutional_threshold,12,3
19080,45.0,C,A,theft_property_crimes,element_missing_despite_bad_intent;timing_status_at_moment;lesser_greater_offense_ladder,106,2
21830,58.0,C,A,homicide,timing_status_at_moment;lesser_greater_offense_ladder,118.5,2
17657,46.0,C,A,sixth_trial_rights,lesser_greater_offense_ladder,121,0
14635,75.0,B,D,defenses_justification_excuse,timing_status_at_moment;mental_state_gradient,105.5,1
14658,47.0,A,C,homicide,mental_state_gradient;lesser_greater_offense_ladder,69,2
20258,65.0,C,A,fifth_miranda_confessions,timing_status_at_moment;constitutional_threshold;remedy_vs_right,69.2,0
19361,72.0,B,A,fourth_amendment_search_seizure,attempt_preparation_line;constitutional_threshold;remedy_vs_right,79,1
16168,,D,A,assault_battery_sex_kidnap,timing_status_at_moment;lesser_greater_offense_ladder,14.2,2
19893,60.0,C,A,fourth_amendment_search_seizure,lesser_greater_offense_ladder;constitutional_threshold;remedy_vs_right,124.8,0
21151,48.0,A,B,theft_property_crimes,timing_status_at_moment;lesser_greater_offense_ladder;constitutional_threshold;remedy_vs_right,76.5,0
14743,83.0,B,A,theft_property_crimes,element_missing_despite_bad_intent;lesser_greater_offense_ladder,16,3
14669,83.0,A,C,homicide,mental_state_gradient;lesser_greater_offense_ladder,149.8,2
19167,58.0,C,A,defenses_justification_excuse,mental_state_gradient;lesser_greater_offense_ladder,66.2,0
21601,10.0,A,C,fourth_amendment_search_seizure,constitutional_threshold,80.5,0
14580,84.0,C,D,fourth_amendment_search_seizure,timing_status_at_moment;constitutional_threshold;remedy_vs_right,104,0
16020,48.0,B,A,homicide,timing_status_at_moment;mental_state_gradient;lesser_greater_offense_ladder,64,1
18983,46.0,C,A,sixth_trial_rights,mental_state_gradient,140.8,0
20268,52.0,A,B,fourth_amendment_search_seizure,timing_status_at_moment;remedy_vs_right;exception_to_exception,78.2,2
14692,71.0,B,C,inchoate,element_missing_despite_bad_intent;timing_status_at_moment;conspiracy_scope_withdrawal_merger,79.5,1
19956,48.0,C,A,homicide,timing_status_at_moment;lesser_greater_offense_ladder,115.5,2
18598,45.0,A,B,sixth_trial_rights,timing_status_at_moment;lesser_greater_offense_ladder;constitutional_threshold,85.5,0
14655,80.0,B,C,theft_property_crimes,timing_status_at_moment;mental_state_gradient;lesser_greater_offense_ladder,60,2
14631,77.0,C,A,mens_rea_actus_reus,timing_status_at_moment;mental_state_gradient,33,0
19346,48.0,C,A,assault_battery_sex_kidnap,element_missing_despite_bad_intent;mental_state_gradient,117.8,0
16192,,A,B,sixth_trial_rights,timing_status_at_moment;constitutional_threshold;remedy_vs_right,75.5,2
14711,47.0,B,C,theft_property_crimes,timing_status_at_moment,330.5,0
19737,60.0,A,B,fourth_amendment_search_seizure,timing_status_at_moment;constitutional_threshold,71,0
17151,62.0,C,A,mens_rea_actus_reus,timing_status_at_moment;mental_state_gradient,64,1
20318,62.0,D,C,theft_property_crimes,timing_status_at_moment;conspiracy_scope_withdrawal_merger;lesser_greater_offense_ladder,76.5,2
17746,47.0,C,A,homicide,element_missing_despite_bad_intent;conspiracy_scope_withdrawal_merger;lesser_greater_offense_ladder,115.5,2
14618,52.0,B,C,homicide,timing_status_at_moment;mental_state_gradient;conspiracy_scope_withdrawal_merger;lesser_greater_offense_ladder,32.2,2
18174,60.0,B,A,mens_rea_actus_reus,timing_status_at_moment;mental_state_gradient,70,1
21425,45.0,C,A,sixth_trial_rights,,129.2,0
17097,61.0,A,B,defenses_justification_excuse,element_missing_despite_bad_intent;timing_status_at_moment;mental_state_gradient;lesser_greater_offense_ladder,76.2,0
21022,58.0,C,A,sentencing_eighth_appeal_habeas,timing_status_at_moment;lesser_greater_offense_ladder;constitutional_threshold,112.2,0
18822,62.0,C,A,fifth_miranda_confessions,remedy_vs_right;exception_to_exception,81,1
19691,48.0,C,B,homicide,timing_status_at_moment;mental_state_gradient;lesser_greater_offense_ladder,126.2,2
14662,74.0,C,A,homicide,lesser_greater_offense_ladder,41.5,3
21852,61.0,B,A,inchoate,attempt_preparation_line;conspiracy_scope_withdrawal_merger,68.2,1
20555,58.0,C,A,homicide,element_missing_despite_bad_intent;lesser_greater_offense_ladder,118.2,2
16027,,A,B,homicide,timing_status_at_moment;mental_state_gradient;lesser_greater_offense_ladder,16,2
16122,45.0,C,D,fifth_miranda_confessions,timing_status_at_moment;constitutional_threshold,96.2,0
20133,62.0,A,B,sixth_trial_rights,timing_status_at_moment;lesser_greater_offense_ladder;constitutional_threshold;remedy_vs_right,83.2,0
16076,48.0,D,C,fifth_miranda_confessions,timing_status_at_moment;constitutional_threshold,86.8,0
17386,58.0,A,B,defenses_justification_excuse,constitutional_threshold,66.2,0
17168,63.0,A,C,fourth_amendment_search_seizure,timing_status_at_moment;constitutional_threshold;remedy_vs_right;exception_to_exception,73.2,0
14594,88.0,B,C,fourth_amendment_search_seizure,timing_status_at_moment;constitutional_threshold;remedy_vs_right;exception_to_exception,90.8,0
19501,48.0,A,B,sixth_trial_rights,timing_status_at_moment;constitutional_threshold;remedy_vs_right,92.2,1
18163,58.0,C,A,sixth_trial_rights,remedy_vs_right;exception_to_exception,122.2,0
21699,58.0,C,A,sixth_trial_rights,exception_to_exception,111.5,0
14668,69.0,D,A,homicide,mental_state_gradient;lesser_greater_offense_ladder,42.8,0
14734,64.0,B,A,accomplice_party_liability,,103.8,1
20503,62.0,C,A,fourth_amendment_search_seizure,timing_status_at_moment;mental_state_gradient;constitutional_threshold;remedy_vs_right;exception_to_exception,85.5,1
19229,58.0,C,B,fourth_amendment_search_seizure,timing_status_at_moment;conspiracy_scope_withdrawal_merger;constitutional_threshold;remedy_vs_right;exception_to_exception,138,2
19299,44.0,D,B,theft_property_crimes,lesser_greater_offense_ladder,59.5,3
19057,65.0,C,A,fifth_miranda_confessions,timing_status_at_moment;constitutional_threshold;remedy_vs_right,77.5,0
17298,45.0,C,B,sixth_trial_rights,exception_to_exception,137.8,0
17478,47.0,A,B,exclusion_double_jeopardy_due_process,lesser_greater_offense_ladder;remedy_vs_right,75.8,2
16159,,D,C,mens_rea_actus_reus,element_missing_despite_bad_intent;mental_state_gradient,68.8,2
21700,72.0,C,A,homicide,mental_state_gradient;lesser_greater_offense_ladder,71.2,1
14684,78.0,C,B,homicide,timing_status_at_moment;mental_state_gradient;lesser_greater_offense_ladder,26.5,3
17726,54.0,C,A,mens_rea_actus_reus,element_missing_despite_bad_intent;timing_status_at_moment;lesser_greater_offense_ladder,103.8,2
17776,61.0,C,A,defenses_justification_excuse,,63.5,0
16047,,A,D,theft_property_crimes,lesser_greater_offense_ladder,19.2,2
16127,,D,C,theft_property_crimes,conspiracy_scope_withdrawal_merger,21.8,2
19263,52.0,C,A,theft_property_crimes,element_missing_despite_bad_intent;timing_status_at_moment;mental_state_gradient;lesser_greater_offense_ladder,100.2,3
14636,78.0,D,A,defenses_justification_excuse,timing_status_at_moment;lesser_greater_offense_ladder,14.2,2
20945,65.0,B,A,inchoate,attempt_preparation_line;conspiracy_scope_withdrawal_merger,67.5,1
21690,60.0,B,A,inchoate,attempt_preparation_line;lesser_greater_offense_ladder,74.5,3
16133,,A,D,sixth_trial_rights,timing_status_at_moment;constitutional_threshold;remedy_vs_right,82.8,0
14557,87.0,D,A,fourth_amendment_search_seizure,timing_status_at_moment;mental_state_gradient;constitutional_threshold;remedy_vs_right;exception_to_exception,67,0
17870,48.0,C,A,homicide,lesser_greater_offense_ladder,99,2
16137,,A,D,homicide,lesser_greater_offense_ladder;constitutional_threshold,73.2,2
19864,58.0,A,B,homicide,mental_state_gradient;lesser_greater_offense_ladder,84.2,2
16201,,A,B,fifth_miranda_confessions,timing_status_at_moment;lesser_greater_offense_ladder;constitutional_threshold;remedy_vs_right,78.8,2
21843,47.0,C,A,fourth_amendment_search_seizure,constitutional_threshold;remedy_vs_right,150.5,0
16202,,B,B,accomplice_party_liability,lesser_greater_offense_ladder;remedy_vs_right;exception_to_exception,109.8,1
21412,46.0,C,B,inchoate,timing_status_at_moment;attempt_preparation_line;conspiracy_scope_withdrawal_merger;lesser_greater_offense_ladder,66.2,1
19367,58.0,B,A,fourth_amendment_search_seizure,timing_status_at_moment;constitutional_threshold;remedy_vs_right,75,1
14575,72.0,C,A,sixth_trial_rights,lesser_greater_offense_ladder,108,0
16048,,B,D,assault_battery_sex_kidnap,,30,2
16059,,D,A,fourth_amendment_search_seizure,constitutional_threshold,71,0
19099,62.0,A,C,mens_rea_actus_reus,element_missing_despite_bad_intent;timing_status_at_moment;mental_state_gradient;lesser_greater_offense_ladder,68,2
20828,58.0,A,B,sixth_trial_rights,remedy_vs_right;exception_to_exception,87.5,1
18718,60.0,C,A,exclusion_double_jeopardy_due_process,timing_status_at_moment;constitutional_threshold;remedy_vs_right,77,1
21562,58.0,C,B,mens_rea_actus_reus,constitutional_threshold,89.8,0
19746,60.0,B,A,inchoate,conspiracy_scope_withdrawal_merger,87.2,2
20888,60.0,A,B,sixth_trial_rights,timing_status_at_moment;lesser_greater_offense_ladder;constitutional_threshold;remedy_vs_right,87.8,0
18465,62.0,B,A,fourth_amendment_search_seizure,constitutional_threshold;exception_to_exception,76,0
14685,71.0,A,B,homicide,lesser_greater_offense_ladder,18.8,3
18297,55.0,B,A,theft_property_crimes,timing_status_at_moment;lesser_greater_offense_ladder,72.8,0
17522,46.0,C,B,sixth_trial_rights,timing_status_at_moment;lesser_greater_offense_ladder;remedy_vs_right;exception_to_exception,109.8,0
18171,55.0,C,A,homicide,lesser_greater_offense_ladder,71.2,1
18371,58.0,A,C,mens_rea_actus_reus,mental_state_gradient,103.8,2
18484,48.0,B,A,sixth_trial_rights,lesser_greater_offense_ladder;remedy_vs_right;exception_to_exception,142,2
18884,58.0,A,B,sixth_trial_rights,timing_status_at_moment;remedy_vs_right,74.8,0
19846,73.0,B,A,fourth_amendment_search_seizure,constitutional_threshold;remedy_vs_right;exception_to_exception,79.5,0
19651,45.0,D,C,theft_property_crimes,element_missing_despite_bad_intent;lesser_greater_offense_ladder,16.2,0
17884,52.0,C,A,sixth_trial_rights,,176.5,0
21489,63.0,C,A,fourth_amendment_search_seizure,mental_state_gradient;constitutional_threshold;exception_to_exception,66.8,0
14724,87.0,C,A,theft_property_crimes,lesser_greater_offense_ladder,14.5,3
17337,58.0,A,C,inchoate,timing_status_at_moment;conspiracy_scope_withdrawal_merger,71.2,2
16088,50.0,D,A,fifth_miranda_confessions,timing_status_at_moment;constitutional_threshold;remedy_vs_right,106.8,0
21197,62.0,A,C,fifth_miranda_confessions,timing_status_at_moment;constitutional_threshold;remedy_vs_right,74,0
21707,72.0,A,C,defenses_justification_excuse,element_missing_despite_bad_intent,59.5,0
20233,60.0,C,A,exclusion_double_jeopardy_due_process,timing_status_at_moment;conspiracy_scope_withdrawal_merger;remedy_vs_right,116.8,0
18102,55.0,C,A,mens_rea_actus_reus,mental_state_gradient;lesser_greater_offense_ladder,80.5,1
18442,60.0,A,C,exclusion_double_jeopardy_due_process,timing_status_at_moment;constitutional_threshold,74,1
20089,60.0,B,A,fourth_amendment_search_seizure,constitutional_threshold,69.8,0
17104,60.0,C,A,defenses_justification_excuse,element_missing_despite_bad_intent;timing_status_at_moment;lesser_greater_offense_ladder;constitutional_threshold,89.5,0
21607,63.0,C,A,homicide,element_missing_despite_bad_intent;timing_status_at_moment;mental_state_gradient;lesser_greater_offense_ladder,78,2
16151,,B,B,mens_rea_actus_reus,element_missing_despite_bad_intent;timing_status_at_moment;mental_state_gradient;lesser_greater_offense_ladder,60,2
17279,62.0,B,C,homicide,mental_state_gradient;lesser_greater_offense_ladder,71,2
14599,43.0,C,A,theft_property_crimes,constitutional_threshold;remedy_vs_right,113,0
18355,62.0,C,B,sixth_trial_rights,timing_status_at_moment;lesser_greater_offense_ladder;constitutional_threshold;remedy_vs_right;exception_to_exception,114,2
19882,42.0,B,A,inchoate,element_missing_despite_bad_intent;attempt_preparation_line,84.8,1
16183,,A,D,defenses_justification_excuse,element_missing_despite_bad_intent;lesser_greater_offense_ladder,107.8,0
14675,91.0,D,C,homicide,mental_state_gradient;lesser_greater_offense_ladder,24.5,2
21320,72.0,C,A,homicide,mental_state_gradient;lesser_greater_offense_ladder;constitutional_threshold,69.2,2
14676,74.0,A,B,homicide,mental_state_gradient;lesser_greater_offense_ladder,45,0
18029,62.0,C,A,defenses_justification_excuse,constitutional_threshold,61.5,0
19042,42.0,A,D,defenses_justification_excuse,lesser_greater_offense_ladder,76.8,2
18518,60.0,B,A,fourth_amendment_search_seizure,constitutional_threshold,79.5,0
21273,70.0,B,C,inchoate,conspiracy_scope_withdrawal_merger;lesser_greater_offense_ladder,65.5,3
18992,50.0,C,A,fourth_amendment_search_seizure,mental_state_gradient;constitutional_threshold;remedy_vs_right;exception_to_exception,152,2
20654,58.0,C,A,defenses_justification_excuse,,96.5,0
14556,21.0,D,B,assault_battery_sex_kidnap,constitutional_threshold,70.2,1
16160,,A,A,homicide,timing_status_at_moment;lesser_greater_offense_ladder,26.2,3
18273,62.0,C,A,defenses_justification_excuse,element_missing_despite_bad_intent;mental_state_gradient,62,0
19369,56.0,C,A,fifth_miranda_confessions,timing_status_at_moment;constitutional_threshold;remedy_vs_right,73.5,0
16095,,A,B,defenses_justification_excuse,timing_status_at_moment;lesser_greater_offense_ladder;constitutional_threshold,96.2,2
20996,60.0,C,A,defenses_justification_excuse,element_missing_despite_bad_intent;mental_state_gradient,59.5,0
18864,60.0,A,B,fourth_amendment_search_seizure,constitutional_threshold,82.5,0
21770,58.0,C,A,defenses_justification_excuse,conspiracy_scope_withdrawal_merger;lesser_greater_offense_ladder;exception_to_exception,75.5,0
20168,50.0,B,A,theft_property_crimes,element_missing_despite_bad_intent;timing_status_at_moment;lesser_greater_offense_ladder;remedy_vs_right,93,2
14649,72.0,D,A,theft_property_crimes,attempt_preparation_line,75.8,1
20227,58.0,A,B,sixth_trial_rights,timing_status_at_moment;constitutional_threshold,89.2,0
16064,,B,C,inchoate,element_missing_despite_bad_intent;mental_state_gradient;attempt_preparation_line;lesser_greater_offense_ladder,66,1
19500,52.0,B,A,mens_rea_actus_reus,timing_status_at_moment;mental_state_gradient;lesser_greater_offense_ladder,115,2
21196,50.0,C,A,fifth_miranda_confessions,timing_status_at_moment;constitutional_threshold;remedy_vs_right,75.2,2
14637,70.0,C,A,mens_rea_actus_reus,element_missing_despite_bad_intent;timing_status_at_moment;mental_state_gradient;lesser_greater_offense_ladder,74.8,0
14665,76.0,D,A,defenses_justification_excuse,mental_state_gradient;lesser_greater_offense_ladder,89.5,1
18228,45.0,C,D,sixth_trial_rights,constitutional_threshold,112.5,1
16065,42.0,D,C,homicide,lesser_greater_offense_ladder,82.2,0
14745,68.0,A,C,homicide,timing_status_at_moment;conspiracy_scope_withdrawal_merger;lesser_greater_offense_ladder,31,0
17486,46.0,A,B,sixth_trial_rights,timing_status_at_moment;lesser_greater_offense_ladder;remedy_vs_right;exception_to_exception,83.8,1
20836,60.0,B,A,fourth_amendment_search_seizure,constitutional_threshold;remedy_vs_right;exception_to_exception,78.5,1
21031,60.0,A,B,fifth_miranda_confessions,timing_status_at_moment;constitutional_threshold;remedy_vs_right,83.5,2
18721,62.0,C,A,fifth_miranda_confessions,timing_status_at_moment;lesser_greater_offense_ladder;constitutional_threshold;remedy_vs_right;exception_to_exception,75.2,3
21367,48.0,C,A,sixth_trial_rights,timing_status_at_moment;remedy_vs_right,130.2,1
14701,84.0,A,C,homicide,mental_state_gradient;attempt_preparation_line;lesser_greater_offense_ladder,100.5,3
21596,55.0,C,A,mens_rea_actus_reus,element_missing_despite_bad_intent;timing_status_at_moment;lesser_greater_offense_ladder,89.5,1
14569,40.0,D,B,fourth_amendment_search_seizure,constitutional_threshold;remedy_vs_right,105.8,0
18111,73.0,C,A,theft_property_crimes,,62.5,0
14657,43.0,B,A,homicide,timing_status_at_moment;mental_state_gradient;lesser_greater_offense_ladder,25.8,2
14708,66.0,C,D,inchoate,attempt_preparation_line;conspiracy_scope_withdrawal_merger;lesser_greater_offense_ladder,99.8,0
21706,60.0,C,A,fifth_miranda_confessions,lesser_greater_offense_ladder;constitutional_threshold;remedy_vs_right,106.8,0
21539,62.0,C,A,inchoate,conspiracy_scope_withdrawal_merger;lesser_greater_offense_ladder;constitutional_threshold;exception_to_exception,87.5,2
14727,58.0,B,C,homicide,timing_status_at_moment;lesser_greater_offense_ladder;constitutional_threshold,77.2,1
19762,55.0,C,A,homicide,element_missing_despite_bad_intent;lesser_greater_offense_ladder,101.8,2
21081,60.0,C,A,homicide,timing_status_at_moment;conspiracy_scope_withdrawal_merger;lesser_greater_offense_ladder,142.8,3
16110,,D,D,homicide,timing_status_at_moment,221.2,3
16190,,C,D,sixth_trial_rights,lesser_greater_offense_ladder;constitutional_threshold,124.5,2
20708,75.0,A,B,theft_property_crimes,lesser_greater_offense_ladder,56.5,2
21763,60.0,C,A,homicide,element_missing_despite_bad_intent;timing_status_at_moment;lesser_greater_offense_ladder,74.2,0
18323,72.0,A,B,fourth_amendment_search_seizure,constitutional_threshold,75.8,0
21476,64.0,B,A,sixth_trial_rights,timing_status_at_moment;lesser_greater_offense_ladder;constitutional_threshold;remedy_vs_right,76,2
19105,60.0,A,B,fourth_amendment_search_seizure,constitutional_threshold,77.2,0
21651,62.0,C,A,mens_rea_actus_reus,mental_state_gradient,76.8,0
21460,61.0,C,A,mens_rea_actus_reus,timing_status_at_moment,88.5,0
21410,61.0,A,B,theft_property_crimes,timing_status_at_moment;lesser_greater_offense_ladder,71.5,3
16097,40.0,C,A,fourth_amendment_search_seizure,timing_status_at_moment;constitutional_threshold,72.8,0
17149,64.0,C,A,theft_property_crimes,element_missing_despite_bad_intent;timing_status_at_moment;lesser_greater_offense_ladder;constitutional_threshold,68.2,1
19771,62.0,C,A,fifth_miranda_confessions,timing_status_at_moment;lesser_greater_offense_ladder;constitutional_threshold;remedy_vs_right;exception_to_exception,82.5,0
16002,47.0,B,A,mens_rea_actus_reus,timing_status_at_moment;mental_state_gradient,110.8,0
20580,60.0,B,A,inchoate,element_missing_despite_bad_intent;timing_status_at_moment;conspiracy_scope_withdrawal_merger;lesser_greater_offense_ladder,67.8,3
18342,46.0,A,B,sixth_trial_rights,timing_status_at_moment;constitutional_threshold;remedy_vs_right,88.8,2
21650,50.0,A,B,sixth_trial_rights,timing_status_at_moment;lesser_greater_offense_ladder;constitutional_threshold,78.8,1
21076,60.0,C,A,mens_rea_actus_reus,lesser_greater_offense_ladder;constitutional_threshold,90.8,1
17225,60.0,A,C,theft_property_crimes,element_missing_despite_bad_intent;timing_status_at_moment;lesser_greater_offense_ladder,59.5,1
16071,,B,A,theft_property_crimes,timing_status_at_moment,390.5,2
18002,52.0,C,A,homicide,timing_status_at_moment;conspiracy_scope_withdrawal_merger;lesser_greater_offense_ladder,66,2
14731,82.0,B,D,theft_property_crimes,timing_status_at_moment;lesser_greater_offense_ladder,75.8,0
18944,70.0,A,B,fourth_amendment_search_seizure,timing_status_at_moment;constitutional_threshold,62.2,0
16117,,C,A,assault_battery_sex_kidnap,element_missing_despite_bad_intent;lesser_greater_offense_ladder,63.5,1
20812,60.0,B,A,inchoate,conspiracy_scope_withdrawal_merger,71.2,0
21869,62.0,B,A,fourth_amendment_search_seizure,constitutional_threshold;exception_to_exception,75.8,0
16179,,D,B,sixth_trial_rights,timing_status_at_moment;mental_state_gradient;lesser_greater_offense_ladder;remedy_vs_right,81.5,0
21168,63.0,C,A,mens_rea_actus_reus,lesser_greater_offense_ladder,64,0
21357,62.0,B,A,theft_property_crimes,element_missing_despite_bad_intent;timing_status_at_moment;lesser_greater_offense_ladder,76.2,3
18861,62.0,C,A,defenses_justification_excuse,timing_status_at_moment,73.2,0
20127,50.0,C,A,fifth_miranda_confessions,timing_status_at_moment;lesser_greater_offense_ladder;constitutional_threshold;remedy_vs_right,90.5,1
21024,47.0,C,A,fifth_miranda_confessions,timing_status_at_moment;constitutional_threshold;remedy_vs_right;exception_to_exception,72.5,0
19289,68.0,C,A,defenses_justification_excuse,element_missing_despite_bad_intent;timing_status_at_moment,58.5,0
14590,42.0,D,C,sixth_trial_rights,timing_status_at_moment;lesser_greater_offense_ladder;remedy_vs_right,98.5,1
19534,48.0,D,C,theft_property_crimes,element_missing_despite_bad_intent;lesser_greater_offense_ladder,22.5,4
16173,,D,C,sixth_trial_rights,element_missing_despite_bad_intent;timing_status_at_moment;lesser_greater_offense_ladder,136,0
16207,,A,B,fifth_miranda_confessions,timing_status_at_moment;lesser_greater_offense_ladder;constitutional_threshold;remedy_vs_right;exception_to_exception,100.5,0
14598,88.0,C,B,fourth_amendment_search_seizure,timing_status_at_moment;constitutional_threshold;remedy_vs_right,69.5,0
14561,70.0,C,B,sixth_trial_rights,constitutional_threshold;remedy_vs_right,112.2,0
20472,60.0,B,A,theft_property_crimes,timing_status_at_moment;lesser_greater_offense_ladder;constitutional_threshold,16.8,3
18980,44.0,C,D,sixth_trial_rights,element_missing_despite_bad_intent;timing_status_at_moment;constitutional_threshold;remedy_vs_right,162,0
17490,50.0,C,A,fifth_miranda_confessions,lesser_greater_offense_ladder;constitutional_threshold;remedy_vs_right,138.5,2
21789,48.0,A,C,sentencing_eighth_appeal_habeas,timing_status_at_moment;lesser_greater_offense_ladder;constitutional_threshold,86.5,0
18407,60.0,B,A,fourth_amendment_search_seizure,constitutional_threshold,71,0
18501,48.0,C,A,fifth_miranda_confessions,constitutional_threshold,109.5,0
16144,,A,C,theft_property_crimes,element_missing_despite_bad_intent;timing_status_at_moment;lesser_greater_offense_ladder,77.2,2
16035,,D,A,fourth_amendment_search_seizure,remedy_vs_right,71.2,0
18620,48.0,C,D,mens_rea_actus_reus,element_missing_despite_bad_intent;timing_status_at_moment;mental_state_gradient,101.5,0
14565,54.0,A,D,sixth_trial_rights,timing_status_at_moment;lesser_greater_offense_ladder,81.8,0
18017,60.0,B,A,homicide,timing_status_at_moment;mental_state_gradient;lesser_greater_offense_ladder,73,3
19155,62.0,C,A,homicide,timing_status_at_moment;lesser_greater_offense_ladder,67.5,1
16100,,A,D,homicide,lesser_greater_offense_ladder,60.2,0
18466,46.0,C,A,sentencing_eighth_appeal_habeas,constitutional_threshold,125.8,0
18125,48.0,C,A,fourth_amendment_search_seizure,constitutional_threshold;remedy_vs_right;exception_to_exception,112.5,0
14564,70.0,B,D,sixth_trial_rights,lesser_greater_offense_ladder;exception_to_exception,101,0
19143,71.0,B,A,fourth_amendment_search_seizure,timing_status_at_moment;constitutional_threshold,76.8,0
20426,65.0,A,B,fourth_amendment_search_seizure,constitutional_threshold;remedy_vs_right,92.2,2
16094,,D,A,mens_rea_actus_reus,timing_status_at_moment;mental_state_gradient,76.2,0
16086,,A,B,theft_property_crimes,timing_status_at_moment;constitutional_threshold,111,1
20090,45.0,A,D,mens_rea_actus_reus,mental_state_gradient,86.5,0
21143,63.0,C,A,homicide,mental_state_gradient;lesser_greater_offense_ladder,69.5,1
17367,47.0,A,C,fifth_miranda_confessions,timing_status_at_moment;constitutional_threshold;remedy_vs_right;exception_to_exception,83,2
20658,50.0,A,B,inchoate,conspiracy_scope_withdrawal_merger,78.5,1
14728,77.0,D,B,theft_property_crimes,lesser_greater_offense_ladder,81.8,4
18678,72.0,B,A,inchoate,timing_status_at_moment;conspiracy_scope_withdrawal_merger;lesser_greater_offense_ladder,85.2,2
16072,,B,A,fifth_miranda_confessions,timing_status_at_moment;lesser_greater_offense_ladder;constitutional_threshold;remedy_vs_right,106.8,0
20672,48.0,C,A,mens_rea_actus_reus,timing_status_at_moment;mental_state_gradient;conspiracy_scope_withdrawal_merger,79,1
19484,48.0,B,A,homicide,constitutional_threshold,109.5,0
18850,46.0,C,A,sentencing_eighth_appeal_habeas,timing_status_at_moment;conspiracy_scope_withdrawal_merger;lesser_greater_offense_ladder,221.2,0
19360,50.0,C,A,sixth_trial_rights,remedy_vs_right,133.2,1
18031,52.0,C,A,defenses_justification_excuse,timing_status_at_moment;conspiracy_scope_withdrawal_merger,66.5,0
19133,73.0,C,B,homicide,timing_status_at_moment;lesser_greater_offense_ladder,93,1
14625,34.0,A,C,assault_battery_sex_kidnap,timing_status_at_moment;lesser_greater_offense_ladder,77,5
17246,59.0,C,A,defenses_justification_excuse,,75,0
14690,68.0,B,D,inchoate,conspiracy_scope_withdrawal_merger,88,1
17828,44.0,B,A,sentencing_eighth_appeal_habeas,lesser_greater_offense_ladder,163.2,0
21084,70.0,A,B,homicide,timing_status_at_moment;mental_state_gradient;lesser_greater_offense_ladder,72,2
16053,,A,C,homicide,lesser_greater_offense_ladder,105,2
16119,,C,A,accomplice_party_liability,timing_status_at_moment,88.2,3
20475,50.0,A,C,fourth_amendment_search_seizure,timing_status_at_moment;constitutional_threshold;remedy_vs_right,108.8,0
14726,71.0,A,C,homicide,timing_status_at_moment;mental_state_gradient;lesser_greater_offense_ladder,106,2
18296,44.0,C,A,homicide,element_missing_despite_bad_intent;timing_status_at_moment;mental_state_gradient;lesser_greater_offense_ladder,154.2,0
21130,65.0,C,B,homicide,lesser_greater_offense_ladder,94.8,2
17324,62.0,C,A,fourth_amendment_search_seizure,constitutional_threshold;remedy_vs_right;exception_to_exception,68.5,0
16178,,A,C,fourth_amendment_search_seizure,constitutional_threshold,104,0
19033,58.0,B,C,mens_rea_actus_reus,mental_state_gradient;lesser_greater_offense_ladder,93.2,0
18239,60.0,C,A,fourth_amendment_search_seizure,constitutional_threshold;remedy_vs_right;exception_to_exception,91.8,0
18493,62.0,C,A,exclusion_double_jeopardy_due_process,mental_state_gradient;lesser_greater_offense_ladder,122.2,0
16063,,B,A,homicide,mental_state_gradient;lesser_greater_offense_ladder;constitutional_threshold,337.2,1
19972,46.0,C,A,fifth_miranda_confessions,timing_status_at_moment;lesser_greater_offense_ladder;constitutional_threshold;remedy_vs_right,122,0
14566,60.0,C,D,sixth_trial_rights,timing_status_at_moment;lesser_greater_offense_ladder,137.2,0
19347,55.0,C,A,exclusion_double_jeopardy_due_process,timing_status_at_moment;mental_state_gradient,153.8,0
14584,58.0,C,B,theft_property_crimes,timing_status_at_moment;lesser_greater_offense_ladder;remedy_vs_right,109,0
18406,63.0,C,A,sixth_trial_rights,constitutional_threshold;remedy_vs_right,112.2,0
18703,48.0,C,A,theft_property_crimes,constitutional_threshold,94,1
21074,48.0,C,A,sixth_trial_rights,conspiracy_scope_withdrawal_merger;constitutional_threshold;remedy_vs_right,142.5,2
14638,76.0,D,A,mens_rea_actus_reus,,103.2,0
14615,30.0,B,D,fifth_miranda_confessions,timing_status_at_moment;lesser_greater_offense_ladder;constitutional_threshold;remedy_vs_right,71.5,0
16180,,C,D,sixth_trial_rights,element_missing_despite_bad_intent;timing_status_at_moment,108,0
17286,61.0,A,C,sixth_trial_rights,timing_status_at_moment;lesser_greater_offense_ladder;constitutional_threshold,76.8,0
19863,70.0,A,B,fourth_amendment_search_seizure,timing_status_at_moment;constitutional_threshold;exception_to_exception,68.5,0
16003,,B,D,fourth_amendment_search_seizure,timing_status_at_moment;constitutional_threshold;remedy_vs_right,416.5,0
14712,89.0,B,A,theft_property_crimes,lesser_greater_offense_ladder,24.2,0
20936,47.0,C,A,assault_battery_sex_kidnap,element_missing_despite_bad_intent;timing_status_at_moment;attempt_preparation_line,105.2,3
16196,,B,B,fourth_amendment_search_seizure,element_missing_despite_bad_intent;timing_status_at_moment;constitutional_threshold;remedy_vs_right,121.8,0
18690,57.0,B,A,sixth_trial_rights,timing_status_at_moment;lesser_greater_offense_ladder;remedy_vs_right,114,0
16108,,A,B,homicide,mental_state_gradient;conspiracy_scope_withdrawal_merger;lesser_greater_offense_ladder,96,3
20320,50.0,C,A,fourth_amendment_search_seizure,timing_status_at_moment;constitutional_threshold;remedy_vs_right,104.5,0
14602,87.0,D,B,fourth_amendment_search_seizure,constitutional_threshold;remedy_vs_right;exception_to_exception,111.2,0
21344,65.0,B,A,fourth_amendment_search_seizure,mental_state_gradient;constitutional_threshold;remedy_vs_right;exception_to_exception,82.2,0
17930,70.0,C,A,mens_rea_actus_reus,element_missing_despite_bad_intent;mental_state_gradient;constitutional_threshold,81.5,0
18581,48.0,C,A,fifth_miranda_confessions,lesser_greater_offense_ladder;constitutional_threshold;remedy_vs_right,136.8,0
14694,83.0,A,C,homicide,attempt_preparation_line;lesser_greater_offense_ladder,105.8,5
17993,50.0,C,A,mens_rea_actus_reus,timing_status_at_moment;lesser_greater_offense_ladder,57.5,1
16103,,D,A,mens_rea_actus_reus,mental_state_gradient,79.8,0
20225,62.0,C,A,theft_property_crimes,,63,1
20122,45.0,C,A,theft_property_crimes,element_missing_despite_bad_intent;timing_status_at_moment;lesser_greater_offense_ladder,111.5,2
19602,60.0,C,A,mens_rea_actus_reus,element_missing_despite_bad_intent;mental_state_gradient;remedy_vs_right,63,1
18385,65.0,A,B,sixth_trial_rights,element_missing_despite_bad_intent;timing_status_at_moment;constitutional_threshold;remedy_vs_right,78.8,0
16105,,D,A,inchoate,element_missing_despite_bad_intent;mental_state_gradient;conspiracy_scope_withdrawal_merger;lesser_greater_offense_ladder,117.2,3
19955,60.0,B,A,sixth_trial_rights,timing_status_at_moment;lesser_greater_offense_ladder;remedy_vs_right,68.5,2
14560,72.0,A,D,sentencing_eighth_appeal_habeas,lesser_greater_offense_ladder;constitutional_threshold,63.8,0
21867,59.0,C,A,homicide,timing_status_at_moment;lesser_greater_offense_ladder,75.5,1
14585,77.0,B,D,fifth_miranda_confessions,lesser_greater_offense_ladder;constitutional_threshold;remedy_vs_right,177.5,0
19175,72.0,B,A,defenses_justification_excuse,,68.2,0
20793,60.0,C,A,theft_property_crimes,lesser_greater_offense_ladder;constitutional_threshold;remedy_vs_right;exception_to_exception,77,0
21157,50.0,C,B,fourth_amendment_search_seizure,constitutional_threshold;remedy_vs_right;exception_to_exception,130.5,0
17959,70.0,A,C,fourth_amendment_search_seizure,,67.8,0
18759,60.0,C,A,homicide,mental_state_gradient;lesser_greater_offense_ladder,116.2,2
14568,45.0,C,A,sixth_trial_rights,remedy_vs_right,114.8,0
16195,,C,C,fourth_amendment_search_seizure,timing_status_at_moment;constitutional_threshold;exception_to_exception,84,0
16125,,A,B,homicide,timing_status_at_moment;mental_state_gradient;lesser_greater_offense_ladder,23.2,4
20228,60.0,C,B,fifth_miranda_confessions,timing_status_at_moment;constitutional_threshold;remedy_vs_right;exception_to_exception,117.5,0
14587,58.0,C,B,sixth_trial_rights,timing_status_at_moment,77.8,0
14595,73.0,A,C,fourth_amendment_search_seizure,timing_status_at_moment;lesser_greater_offense_ladder;constitutional_threshold;remedy_vs_right;exception_to_exception,106.8,0
18400,58.0,C,A,theft_property_crimes,element_missing_despite_bad_intent;lesser_greater_offense_ladder,97.2,1
14639,96.0,A,D,defenses_justification_excuse,lesser_greater_offense_ladder,123.8,0
19712,48.0,C,B,sentencing_eighth_appeal_habeas,,95,0
18329,55.0,C,A,fifth_miranda_confessions,,143.8,0
19027,48.0,C,A,homicide,mental_state_gradient;attempt_preparation_line;lesser_greater_offense_ladder;constitutional_threshold,73,3
20691,62.0,C,B,mens_rea_actus_reus,,109.5,0
17647,58.0,C,A,theft_property_crimes,element_missing_despite_bad_intent;lesser_greater_offense_ladder;constitutional_threshold,96.5,0
19462,58.0,B,A,fourth_amendment_search_seizure,mental_state_gradient;constitutional_threshold;remedy_vs_right;exception_to_exception,89.5,1
16043,63.0,C,D,homicide,mental_state_gradient;lesser_greater_offense_ladder,109.2,5
21040,72.0,C,A,fourth_amendment_search_seizure,constitutional_threshold;remedy_vs_right,64.5,0
14718,65.0,A,C,mens_rea_actus_reus,mental_state_gradient,106.8,2
14626,61.0,A,C,sixth_trial_rights,constitutional_threshold;remedy_vs_right,82.5,0
18352,55.0,C,A,sixth_trial_rights,lesser_greater_offense_ladder;constitutional_threshold;remedy_vs_right;exception_to_exception,136,1
21058,58.0,C,B,assault_battery_sex_kidnap,element_missing_despite_bad_intent;timing_status_at_moment;lesser_greater_offense_ladder,99.8,2
19886,74.0,A,B,fourth_amendment_search_seizure,constitutional_threshold,72.5,0
21619,58.0,C,B,fourth_amendment_search_seizure,constitutional_threshold;remedy_vs_right;exception_to_exception,128.2,0
16073,,D,D,theft_property_crimes,timing_status_at_moment;lesser_greater_offense_ladder;constitutional_threshold,22.2,2
18415,63.0,C,A,fifth_miranda_confessions,timing_status_at_moment;mental_state_gradient;lesser_greater_offense_ladder;constitutional_threshold;remedy_vs_right,82.8,2
20034,48.0,C,B,fourth_amendment_search_seizure,timing_status_at_moment;constitutional_threshold;remedy_vs_right,118.2,0
17055,58.0,C,A,fifth_miranda_confessions,timing_status_at_moment;constitutional_threshold;remedy_vs_right,80.2,0
19554,55.0,A,B,theft_property_crimes,timing_status_at_moment;lesser_greater_offense_ladder;constitutional_threshold,73,3
18109,60.0,A,C,fourth_amendment_search_seizure,constitutional_threshold;remedy_vs_right;exception_to_exception,100.8,1
16124,,C,D,homicide,lesser_greater_offense_ladder,68.5,2
14596,28.0,B,C,defenses_justification_excuse,,19,0
18376,70.0,C,A,fifth_miranda_confessions,timing_status_at_moment;lesser_greater_offense_ladder;constitutional_threshold;remedy_vs_right,70.2,0
21306,60.0,C,A,homicide,element_missing_despite_bad_intent;constitutional_threshold;exception_to_exception,180,1
17538,62.0,A,B,theft_property_crimes,lesser_greater_offense_ladder;exception_to_exception,75.8,2
14681,52.0,D,A,homicide,lesser_greater_offense_ladder,50.8,1
14630,73.0,D,A,mens_rea_actus_reus,attempt_preparation_line,81.5,3
21675,46.0,C,A,homicide,lesser_greater_offense_ladder,85.5,0
16143,,D,C,homicide,timing_status_at_moment;mental_state_gradient;lesser_greater_offense_ladder,42.8,0
21797,55.0,C,A,homicide,timing_status_at_moment;mental_state_gradient;lesser_greater_offense_ladder,106.5,0
16174,,D,A,sixth_trial_rights,element_missing_despite_bad_intent,50.5,0
16163,,D,C,homicide,mental_state_gradient;lesser_greater_offense_ladder,32.2,4
16199,,C,D,fifth_miranda_confessions,timing_status_at_moment;constitutional_threshold;remedy_vs_right;exception_to_exception,71.5,0
16022,,B,A,homicide,timing_status_at_moment,64.8,0
16051,,A,B,fourth_amendment_search_seizure,timing_status_at_moment;constitutional_threshold;remedy_vs_right,108.8,0
21494,60.0,C,B,homicide,timing_status_at_moment;conspiracy_scope_withdrawal_merger,115.8,0
21640,48.0,B,A,fourth_amendment_search_seizure,constitutional_threshold;exception_to_exception,77.8,0
14572,59.0,A,B,defenses_justification_excuse,timing_status_at_moment;lesser_greater_offense_ladder,146.5,0
14644,51.0,D,A,sixth_trial_rights,element_missing_despite_bad_intent;mental_state_gradient,94,0
16034,48.0,C,A,mens_rea_actus_reus,timing_status_at_moment;mental_state_gradient,100.8,0
16023,,A,B,assault_battery_sex_kidnap,timing_status_at_moment,97,2
19459,62.0,B,A,inchoate,conspiracy_scope_withdrawal_merger,75.5,2
19951,62.0,C,A,defenses_justification_excuse,timing_status_at_moment,63.5,0
19636,58.0,C,A,mens_rea_actus_reus,element_missing_despite_bad_intent;timing_status_at_moment;mental_state_gradient,82.5,0
20055,55.0,B,A,homicide,mental_state_gradient;lesser_greater_offense_ladder,70.8,2
21374,74.0,C,A,theft_property_crimes,element_missing_despite_bad_intent;timing_status_at_moment;lesser_greater_offense_ladder,54.5,1
14633,59.0,A,C,defenses_justification_excuse,,86.8,0
14555,70.0,C,A,exclusion_double_jeopardy_due_process,mental_state_gradient;lesser_greater_offense_ladder;constitutional_threshold,93.2,1
16184,,B,C,fifth_miranda_confessions,timing_status_at_moment;lesser_greater_offense_ladder;constitutional_threshold;remedy_vs_right,126.5,0
16147,,B,C,theft_property_crimes,element_missing_despite_bad_intent;attempt_preparation_line;lesser_greater_offense_ladder,62.5,3
19309,58.0,C,B,theft_property_crimes,,72.8,0
16052,63.0,B,A,mens_rea_actus_reus,timing_status_at_moment,97,2
14715,81.0,D,C,theft_property_crimes,element_missing_despite_bad_intent;lesser_greater_offense_ladder,19.2,0
20903,62.0,C,A,exclusion_double_jeopardy_due_process,lesser_greater_offense_ladder,137,1
17893,48.0,C,A,theft_property_crimes,timing_status_at_moment;constitutional_threshold,69.5,0
16007,68.0,C,D,assault_battery_sex_kidnap,,83.5,2
16068,60.0,B,A,homicide,timing_status_at_moment;mental_state_gradient;lesser_greater_offense_ladder,67.2,1
17894,60.0,C,A,fourth_amendment_search_seizure,lesser_greater_offense_ladder;constitutional_threshold;remedy_vs_right;exception_to_exception,119.2,0
20961,58.0,C,A,fifth_miranda_confessions,constitutional_threshold;remedy_vs_right,102.2,0
18356,44.0,B,D,sentencing_eighth_appeal_habeas,timing_status_at_moment;exception_to_exception,178.5,0
20542,50.0,A,B,theft_property_crimes,element_missing_despite_bad_intent;timing_status_at_moment;lesser_greater_offense_ladder;constitutional_threshold;remedy_vs_right,78.8,1
16084,60.0,D,A,homicide,mental_state_gradient;lesser_greater_offense_ladder,104.8,2
17187,60.0,C,A,theft_property_crimes,element_missing_despite_bad_intent;lesser_greater_offense_ladder;constitutional_threshold,60.2,0
19083,60.0,C,A,fourth_amendment_search_seizure,constitutional_threshold;remedy_vs_right;exception_to_exception,64.8,0
20205,60.0,C,A,homicide,conspiracy_scope_withdrawal_merger;lesser_greater_offense_ladder,126,2
14567,60.0,A,B,fifth_miranda_confessions,timing_status_at_moment;lesser_greater_offense_ladder;constitutional_threshold;remedy_vs_right,63.8,0
18020,52.0,A,B,exclusion_double_jeopardy_due_process,remedy_vs_right,93.5,2
16130,,A,D,mens_rea_actus_reus,element_missing_despite_bad_intent;mental_state_gradient;conspiracy_scope_withdrawal_merger,117.2,2
21875,55.0,B,C,fourth_amendment_search_seizure,constitutional_threshold,58,0
16026,,D,D,theft_property_crimes,timing_status_at_moment;conspiracy_scope_withdrawal_merger;lesser_greater_offense_ladder,49.5,3
14554,56.0,D,B,fourth_amendment_search_seizure,timing_status_at_moment;constitutional_threshold;remedy_vs_right;exception_to_exception,65.2,0
20165,62.0,A,C,fifth_miranda_confessions,constitutional_threshold;remedy_vs_right,71.8,0
20108,58.0,C,A,defenses_justification_excuse,mental_state_gradient;lesser_greater_offense_ladder,71.8,1
17590,58.0,C,B,defenses_justification_excuse,element_missing_despite_bad_intent;timing_status_at_moment;mental_state_gradient,78.2,0
16189,,D,A,sixth_trial_rights,timing_status_at_moment;lesser_greater_offense_ladder;remedy_vs_right,98,1
17712,48.0,C,A,fifth_miranda_confessions,timing_status_at_moment;remedy_vs_right,133.8,0
20700,42.0,D,A,homicide,timing_status_at_moment;mental_state_gradient;lesser_greater_offense_ladder,537.8,6
18335,47.0,A,B,homicide,mental_state_gradient;attempt_preparation_line;lesser_greater_offense_ladder,90.2,4
18032,48.0,C,A,fifth_miranda_confessions,constitutional_threshold;remedy_vs_right,129.5,0
14559,84.0,A,D,fourth_amendment_search_seizure,timing_status_at_moment;lesser_greater_offense_ladder;constitutional_threshold;remedy_vs_right;exception_to_exception,91.2,0
16114,,B,A,theft_property_crimes,timing_status_at_moment;lesser_greater_offense_ladder;constitutional_threshold,95.2,3
20953,55.0,B,A,homicide,lesser_greater_offense_ladder,69.5,2
20689,45.0,C,A,theft_property_crimes,element_missing_despite_bad_intent;mental_state_gradient,92.2,1
16024,50.0,C,A,homicide,timing_status_at_moment;mental_state_gradient;lesser_greater_offense_ladder,104,2
20889,65.0,B,A,fourth_amendment_search_seizure,timing_status_at_moment;constitutional_threshold,69.2,0
14558,40.0,D,B,defenses_justification_excuse,element_missing_despite_bad_intent,93.5,0
20476,52.0,C,A,fourth_amendment_search_seizure,constitutional_threshold;remedy_vs_right;exception_to_exception,141,1
20516,50.0,C,A,defenses_justification_excuse,element_missing_despite_bad_intent,80.8,0
16083,,C,A,homicide,lesser_greater_offense_ladder,73.8,0
16078,,B,C,fifth_miranda_confessions,timing_status_at_moment;mental_state_gradient;lesser_greater_offense_ladder;constitutional_threshold;remedy_vs_right,452,5
18413,62.0,B,A,inchoate,timing_status_at_moment;conspiracy_scope_withdrawal_merger;lesser_greater_offense_ladder,79,2
16197,,C,D,fourth_amendment_search_seizure,constitutional_threshold;remedy_vs_right;exception_to_exception,67.5,0
18156,45.0,C,B,theft_property_crimes,element_missing_despite_bad_intent;mental_state_gradient,94.2,1
20412,65.0,B,A,fourth_amendment_search_seizure,constitutional_threshold,80,0
18988,62.0,C,A,inchoate,element_missing_despite_bad_intent;timing_status_at_moment;attempt_preparation_line,75,3
19322,50.0,C,A,sixth_trial_rights,lesser_greater_offense_ladder;remedy_vs_right,148.8,1
21284,62.0,C,A,fourth_amendment_search_seizure,timing_status_at_moment;constitutional_threshold;remedy_vs_right;exception_to_exception,99,0
16031,,D,D,theft_property_crimes,timing_status_at_moment;lesser_greater_offense_ladder,29,2
18101,42.0,B,A,inchoate,mental_state_gradient;conspiracy_scope_withdrawal_merger;lesser_greater_offense_ladder,79,0
20687,72.0,C,A,defenses_justification_excuse,,70.5,0
19064,62.0,C,B,defenses_justification_excuse,timing_status_at_moment;mental_state_gradient,58.8,0
20971,45.0,B,A,fourth_amendment_search_seizure,timing_status_at_moment;constitutional_threshold;remedy_vs_right;exception_to_exception,178.8,1
16021,,D,A,homicide,mental_state_gradient;lesser_greater_offense_ladder,146,3
16176,,D,C,exclusion_double_jeopardy_due_process,exception_to_exception,75.5,0
20096,72.0,A,D,fourth_amendment_search_seizure,constitutional_threshold,82.5,0
20674,46.0,C,A,sixth_trial_rights,,129.8,0
16109,,A,C,homicide,timing_status_at_moment;mental_state_gradient;lesser_greater_offense_ladder,89.8,4
17646,62.0,C,A,fourth_amendment_search_seizure,constitutional_threshold;remedy_vs_right,120.5,0
19008,42.0,A,B,homicide,element_missing_despite_bad_intent;mental_state_gradient;lesser_greater_offense_ladder;constitutional_threshold,27.2,3
17682,59.0,B,A,inchoate,element_missing_despite_bad_intent;timing_status_at_moment;attempt_preparation_line;lesser_greater_offense_ladder,83.2,3
17320,55.0,C,A,assault_battery_sex_kidnap,conspiracy_scope_withdrawal_merger,105.8,3
19848,55.0,C,A,theft_property_crimes,element_missing_despite_bad_intent;attempt_preparation_line;lesser_greater_offense_ladder;constitutional_threshold,94.5,4
18823,72.0,B,A,defenses_justification_excuse,timing_status_at_moment,79,0
20427,45.0,C,A,fifth_miranda_confessions,timing_status_at_moment;conspiracy_scope_withdrawal_merger;constitutional_threshold;remedy_vs_right,114,0
16089,,C,A,homicide,timing_status_at_moment;lesser_greater_offense_ladder;constitutional_threshold,39.5,0
21754,58.0,C,A,homicide,lesser_greater_offense_ladder,66,1
14696,78.0,A,D,inchoate,attempt_preparation_line;conspiracy_scope_withdrawal_merger;constitutional_threshold,85,0
16158,,B,C,theft_property_crimes,element_missing_despite_bad_intent;timing_status_at_moment;lesser_greater_offense_ladder,232.5,3
14573,66.0,C,A,fourth_amendment_search_seizure,timing_status_at_moment;lesser_greater_offense_ladder;constitutional_threshold,89.5,0
20640,48.0,C,B,fifth_miranda_confessions,lesser_greater_offense_ladder;constitutional_threshold;remedy_vs_right;exception_to_exception,137.2,2
14663,83.0,A,C,homicide,timing_status_at_moment;mental_state_gradient;lesser_greater_offense_ladder,18.8,3
14570,49.0,A,C,fourth_amendment_search_seizure,timing_status_at_moment;constitutional_threshold;remedy_vs_right;exception_to_exception,118,0
16193,,A,B,sentencing_eighth_appeal_habeas,lesser_greater_offense_ladder,63.8,0
14679,82.0,A,C,homicide,timing_status_at_moment;mental_state_gradient;attempt_preparation_line;lesser_greater_offense_ladder,42.2,3
20882,55.0,C,A,mens_rea_actus_reus,element_missing_despite_bad_intent;mental_state_gradient;lesser_greater_offense_ladder,127.8,0
16169,,A,C,theft_property_crimes,element_missing_despite_bad_intent;lesser_greater_offense_ladder,46.8,5
16139,,A,D,homicide,timing_status_at_moment;attempt_preparation_line;conspiracy_scope_withdrawal_merger;lesser_greater_offense_ladder,69.2,5
16099,,A,B,theft_property_crimes,lesser_greater_offense_ladder,15.2,0
16061,,B,A,homicide,timing_status_at_moment;lesser_greater_offense_ladder,79.8,0
19596,72.0,C,A,homicide,lesser_greater_offense_ladder;constitutional_threshold,61.2,2
20597,48.0,B,D,mens_rea_actus_reus,mental_state_gradient;lesser_greater_offense_ladder;exception_to_exception,113,3
19281,60.0,C,A,defenses_justification_excuse,element_missing_despite_bad_intent,65.2,0
16016,,A,C,fifth_miranda_confessions,constitutional_threshold,108,0
16014,,D,C,theft_property_crimes,timing_status_at_moment;lesser_greater_offense_ladder;constitutional_threshold,22.8,2
14667,69.0,B,C,homicide,mental_state_gradient;lesser_greater_offense_ladder,119.8,3
16010,,A,B,homicide,mental_state_gradient;lesser_greater_offense_ladder,94.8,2
16165,,B,A,homicide,mental_state_gradient;lesser_greater_offense_ladder,119.2,1
19000,72.0,A,D,theft_property_crimes,lesser_greater_offense_ladder,60.8,2
19992,58.0,B,A,accomplice_party_liability,element_missing_despite_bad_intent;timing_status_at_moment;conspiracy_scope_withdrawal_merger;lesser_greater_offense_ladder;exception_to_exception,85,5
17084,63.0,C,A,fourth_amendment_search_seizure,constitutional_threshold;remedy_vs_right,103,0
18147,62.0,A,B,fourth_amendment_search_seizure,constitutional_threshold;exception_to_exception,75.5,0
20095,60.0,C,A,fourth_amendment_search_seizure,constitutional_threshold;remedy_vs_right;exception_to_exception,87,0
14742,76.0,A,D,theft_property_crimes,element_missing_despite_bad_intent;lesser_greater_offense_ladder,77.2,2
19743,45.0,C,D,exclusion_double_jeopardy_due_process,remedy_vs_right,155.2,0
16129,,C,A,theft_property_crimes,element_missing_despite_bad_intent;timing_status_at_moment;lesser_greater_offense_ladder,52.8,0
19357,46.0,C,B,defenses_justification_excuse,,169.2,0
17076,60.0,C,A,fifth_miranda_confessions,lesser_greater_offense_ladder;remedy_vs_right,72.2,0
18496,46.0,C,A,homicide,mental_state_gradient;conspiracy_scope_withdrawal_merger;lesser_greater_offense_ladder,77.5,3
20421,50.0,A,C,sixth_trial_rights,element_missing_despite_bad_intent;timing_status_at_moment;conspiracy_scope_withdrawal_merger;constitutional_threshold;remedy_vs_right,84.8,0
18599,58.0,C,A,mens_rea_actus_reus,mental_state_gradient,108.2,0
18357,72.0,A,B,sixth_trial_rights,timing_status_at_moment;constitutional_threshold;remedy_vs_right,81.8,2
16126,,D,A,defenses_justification_excuse,timing_status_at_moment;lesser_greater_offense_ladder,76.2,2
20036,58.0,C,B,defenses_justification_excuse,timing_status_at_moment;conspiracy_scope_withdrawal_merger,66.5,0
19035,60.0,C,A,mens_rea_actus_reus,element_missing_despite_bad_intent;timing_status_at_moment;mental_state_gradient;lesser_greater_offense_ladder,107.2,3
19420,50.0,C,A,theft_property_crimes,element_missing_despite_bad_intent;mental_state_gradient,133.2,0
14678,60.0,D,B,homicide,timing_status_at_moment;mental_state_gradient;lesser_greater_offense_ladder,87.5,2
18829,58.0,C,A,inchoate,attempt_preparation_line;conspiracy_scope_withdrawal_merger;lesser_greater_offense_ladder,74.8,2
17252,43.0,C,A,defenses_justification_excuse,,89.5,0
16077,,D,C,inchoate,timing_status_at_moment;conspiracy_scope_withdrawal_merger,80.8,2
19508,62.0,C,A,defenses_justification_excuse,element_missing_despite_bad_intent;mental_state_gradient;lesser_greater_offense_ladder;exception_to_exception,82.5,4
20250,62.0,C,A,fifth_miranda_confessions,timing_status_at_moment;lesser_greater_offense_ladder;constitutional_threshold;remedy_vs_right,79,0
19995,57.0,C,B,mens_rea_actus_reus,element_missing_despite_bad_intent;timing_status_at_moment;mental_state_gradient,79.8,0
21413,62.0,B,A,homicide,mental_state_gradient;attempt_preparation_line;lesser_greater_offense_ladder;constitutional_threshold,62.2,2
16029,65.0,D,A,defenses_justification_excuse,timing_status_at_moment;lesser_greater_offense_ladder,80.8,2
14627,54.0,A,B,fifth_miranda_confessions,timing_status_at_moment;lesser_greater_offense_ladder;constitutional_threshold;remedy_vs_right,93.5,0
21191,50.0,B,A,inchoate,conspiracy_scope_withdrawal_merger,84,1
18565,58.0,C,A,defenses_justification_excuse,lesser_greater_offense_ladder,70.2,0
16085,,B,A,assault_battery_sex_kidnap,timing_status_at_moment,4.2,0
16157,,D,B,accomplice_party_liability,element_missing_despite_bad_intent;timing_status_at_moment;mental_state_gradient;lesser_greater_offense_ladder,76.8,4
16177,,A,A,fourth_amendment_search_seizure,timing_status_at_moment;constitutional_threshold;remedy_vs_right;exception_to_exception,88,1
18587,63.0,C,A,fourth_amendment_search_seizure,constitutional_threshold;remedy_vs_right,110.5,0
16136,,A,C,homicide,mental_state_gradient;lesser_greater_offense_ladder,15.8,3
14645,80.0,B,D,fourth_amendment_search_seizure,constitutional_threshold,71.2,0
19770,58.0,B,A,defenses_justification_excuse,mental_state_gradient;lesser_greater_offense_ladder,81,1
16079,,B,A,theft_property_crimes,timing_status_at_moment;conspiracy_scope_withdrawal_merger;constitutional_threshold,63.2,0
14733,60.0,B,A,theft_property_crimes,lesser_greater_offense_ladder,14.2,4
18788,48.0,B,A,theft_property_crimes,lesser_greater_offense_ladder;constitutional_threshold;remedy_vs_right,96.5,4
17534,55.0,B,A,inchoate,attempt_preparation_line,80,2
16181,,B,D,exclusion_double_jeopardy_due_process,lesser_greater_offense_ladder;exception_to_exception,139.5,0
21605,62.0,C,B,homicide,timing_status_at_moment;mental_state_gradient;lesser_greater_offense_ladder,72.2,1
17434,65.0,A,C,fourth_amendment_search_seizure,constitutional_threshold,71.5,0
18932,60.0,C,A,defenses_justification_excuse,lesser_greater_offense_ladder,70,0
16134,60.0,D,A,inchoate,mental_state_gradient;conspiracy_scope_withdrawal_merger;lesser_greater_offense_ladder,49.8,2
20040,62.0,C,A,homicide,lesser_greater_offense_ladder,66,1
17294,59.0,C,A,fourth_amendment_search_seizure,constitutional_threshold;remedy_vs_right;exception_to_exception,96.2,0
20611,60.0,A,B,sixth_trial_rights,timing_status_at_moment;lesser_greater_offense_ladder;constitutional_threshold;remedy_vs_right,95.2,2
21153,60.0,C,A,fourth_amendment_search_seizure,constitutional_threshold;remedy_vs_right,76.8,0
16115,52.0,C,A,accomplice_party_liability,mental_state_gradient,77.8,2
16185,,C,D,sentencing_eighth_appeal_habeas,timing_status_at_moment;lesser_greater_offense_ladder,117.2,1
21156,44.0,B,A,theft_property_crimes,element_missing_despite_bad_intent;timing_status_at_moment;lesser_greater_offense_ladder,85.2,2
14600,76.0,A,C,fourth_amendment_search_seizure,timing_status_at_moment;constitutional_threshold;remedy_vs_right,111.8,0
14603,77.0,B,D,fourth_amendment_search_seizure,constitutional_threshold;remedy_vs_right;exception_to_exception,107,0
16080,,C,A,fourth_amendment_search_seizure,timing_status_at_moment;constitutional_threshold;remedy_vs_right;exception_to_exception,102.5,0
21342,71.0,A,C,defenses_justification_excuse,element_missing_despite_bad_intent;lesser_greater_offense_ladder,64.5,1
19844,60.0,D,B,theft_property_crimes,lesser_greater_offense_ladder,71.2,4
21027,58.0,C,A,mens_rea_actus_reus,timing_status_at_moment;mental_state_gradient;lesser_greater_offense_ladder,110.5,2
21165,72.0,A,B,theft_property_crimes,,71,1
16149,,D,B,theft_property_crimes,timing_status_at_moment;conspiracy_scope_withdrawal_merger;lesser_greater_offense_ladder,59,0
16013,,D,B,fourth_amendment_search_seizure,mental_state_gradient;constitutional_threshold;remedy_vs_right,121.2,0
19538,68.0,C,A,assault_battery_sex_kidnap,element_missing_despite_bad_intent,128.2,1
18956,60.0,B,A,sixth_trial_rights,timing_status_at_moment;mental_state_gradient;constitutional_threshold,62.2,0
21004,62.0,C,A,inchoate,element_missing_despite_bad_intent;timing_status_at_moment;mental_state_gradient;attempt_preparation_line;conspiracy_scope_withdrawal_merger;lesser_greater_offense_ladder,80.2,1
18106,70.0,A,B,inchoate,element_missing_despite_bad_intent;conspiracy_scope_withdrawal_merger;lesser_greater_offense_ladder,74,4
19261,70.0,C,A,theft_property_crimes,timing_status_at_moment;lesser_greater_offense_ladder,67.2,3
17969,52.0,B,A,defenses_justification_excuse,element_missing_despite_bad_intent;timing_status_at_moment;mental_state_gradient;lesser_greater_offense_ladder,105.2,2
19692,55.0,C,A,theft_property_crimes,element_missing_despite_bad_intent;timing_status_at_moment;lesser_greater_offense_ladder,57.8,2
19356,50.0,C,A,fifth_miranda_confessions,exception_to_exception,163.8,0
18601,64.0,C,A,fifth_miranda_confessions,timing_status_at_moment;constitutional_threshold;remedy_vs_right;exception_to_exception,76.8,0
16140,,A,D,inchoate,timing_status_at_moment;conspiracy_scope_withdrawal_merger,108,1
17063,72.0,A,C,fourth_amendment_search_seizure,constitutional_threshold,64.5,0
21426,47.0,C,A,defenses_justification_excuse,element_missing_despite_bad_intent;mental_state_gradient;lesser_greater_offense_ladder,72,2
14723,59.0,B,C,accomplice_party_liability,timing_status_at_moment;lesser_greater_offense_ladder,64,1
14562,85.0,D,A,fifth_miranda_confessions,timing_status_at_moment;constitutional_threshold;remedy_vs_right,108.5,0
18778,52.0,C,A,homicide,element_missing_despite_bad_intent;mental_state_gradient;lesser_greater_offense_ladder,96.8,2
19232,55.0,C,D,homicide,timing_status_at_moment;mental_state_gradient;lesser_greater_offense_ladder,86,2
18300,60.0,C,A,fifth_miranda_confessions,timing_status_at_moment;constitutional_threshold,67.2,0
19184,44.0,A,C,homicide,timing_status_at_moment;mental_state_gradient;lesser_greater_offense_ladder,103,2
18765,48.0,A,C,fourth_amendment_search_seizure,timing_status_at_moment;constitutional_threshold;remedy_vs_right;exception_to_exception,106,2
18681,44.0,C,D,sixth_trial_rights,element_missing_despite_bad_intent;timing_status_at_moment;lesser_greater_offense_ladder,186,0
20497,72.0,A,B,homicide,timing_status_at_moment;lesser_greater_offense_ladder,74.5,2
16009,,C,A,theft_property_crimes,mental_state_gradient,94.8,3
18431,58.0,C,A,defenses_justification_excuse,lesser_greater_offense_ladder,69.5,1
14748,46.0,C,A,theft_property_crimes,attempt_preparation_line;lesser_greater_offense_ladder,22.5,3
18554,60.0,C,A,homicide,element_missing_despite_bad_intent;timing_status_at_moment;lesser_greater_offense_ladder,126,3
21184,74.0,C,A,theft_property_crimes,lesser_greater_offense_ladder,78.8,2
20391,50.0,C,A,fifth_miranda_confessions,constitutional_threshold,107.2,0
21604,55.0,C,A,homicide,timing_status_at_moment;lesser_greater_offense_ladder,123.5,2
21348,58.0,C,A,homicide,mental_state_gradient;lesser_greater_offense_ladder,61,1
16067,,D,A,mens_rea_actus_reus,mental_state_gradient,75,2
16146,,A,C,accomplice_party_liability,timing_status_at_moment;lesser_greater_offense_ladder,81.5,0
18563,62.0,C,A,fifth_miranda_confessions,timing_status_at_moment;lesser_greater_offense_ladder;constitutional_threshold,78.5,0
20698,60.0,B,A,theft_property_crimes,timing_status_at_moment;attempt_preparation_line;conspiracy_scope_withdrawal_merger,57.2,2
17556,48.0,C,A,fifth_miranda_confessions,timing_status_at_moment;constitutional_threshold;remedy_vs_right,130.5,0
14659,89.0,A,B,homicide,timing_status_at_moment;mental_state_gradient;conspiracy_scope_withdrawal_merger;lesser_greater_offense_ladder;exception_to_exception,46.5,2
17985,60.0,C,A,fourth_amendment_search_seizure,timing_status_at_moment;constitutional_threshold;remedy_vs_right;exception_to_exception,125.2,0
14730,72.0,D,C,accomplice_party_liability,timing_status_at_moment,103.5,1
16082,46.0,D,A,homicide,timing_status_at_moment;mental_state_gradient;lesser_greater_offense_ladder,69.8,0
19833,72.0,A,D,sentencing_eighth_appeal_habeas,timing_status_at_moment;conspiracy_scope_withdrawal_merger;lesser_greater_offense_ladder;constitutional_threshold,71.5,1
17426,71.0,A,B,theft_property_crimes,lesser_greater_offense_ladder,66.5,2
19463,60.0,C,A,fourth_amendment_search_seizure,timing_status_at_moment;lesser_greater_offense_ladder;constitutional_threshold;remedy_vs_right;exception_to_exception,114.2,1
17363,48.0,A,C,fifth_miranda_confessions,constitutional_threshold,89.2,0
16058,,D,A,assault_battery_sex_kidnap,lesser_greater_offense_ladder,94.5,2
21638,42.0,C,D,fourth_amendment_search_seizure,timing_status_at_moment;constitutional_threshold;remedy_vs_right;exception_to_exception,141.8,0
16138,,C,C,inchoate,timing_status_at_moment;conspiracy_scope_withdrawal_merger,76.2,2
17576,50.0,C,A,theft_property_crimes,timing_status_at_moment;lesser_greater_offense_ladder;constitutional_threshold;remedy_vs_right,109.5,2
20881,12.0,C,B,fifth_miranda_confessions,timing_status_at_moment;constitutional_threshold;remedy_vs_right,79,0
19005,58.0,C,A,mens_rea_actus_reus,timing_status_at_moment;mental_state_gradient;lesser_greater_offense_ladder,93.5,0
19345,58.0,C,A,mens_rea_actus_reus,mental_state_gradient;exception_to_exception,101,2
19271,40.0,B,A,inchoate,timing_status_at_moment;mental_state_gradient,78.5,1
17566,60.0,C,A,fourth_amendment_search_seizure,timing_status_at_moment;constitutional_threshold;remedy_vs_right;exception_to_exception,133,0
21719,58.0,A,D,sixth_trial_rights,remedy_vs_right,79.8,1
21804,60.0,C,A,fourth_amendment_search_seizure,constitutional_threshold;remedy_vs_right,120.2,0
16107,,A,A,fourth_amendment_search_seizure,timing_status_at_moment;lesser_greater_offense_ladder;constitutional_threshold,91.2,0
17178,60.0,B,A,theft_property_crimes,element_missing_despite_bad_intent;timing_status_at_moment;conspiracy_scope_withdrawal_merger;lesser_greater_offense_ladder,76.2,1
14691,76.0,A,C,inchoate,element_missing_despite_bad_intent;timing_status_at_moment;conspiracy_scope_withdrawal_merger;lesser_greater_offense_ladder,71.8,2
14661,55.0,B,C,homicide,timing_status_at_moment;mental_state_gradient;lesser_greater_offense_ladder,79.5,1
14654,65.0,B,C,defenses_justification_excuse,element_missing_despite_bad_intent;lesser_greater_offense_ladder,77,0
14589,66.0,A,C,fourth_amendment_search_seizure,timing_status_at_moment;constitutional_threshold;remedy_vs_right,123.8,0
17444,60.0,C,A,theft_property_crimes,lesser_greater_offense_ladder,62.2,1
19481,50.0,C,A,sixth_trial_rights,lesser_greater_offense_ladder;constitutional_threshold;remedy_vs_right,80.5,0
20592,72.0,C,B,mens_rea_actus_reus,,53.5,0
20749,58.0,C,A,fourth_amendment_search_seizure,constitutional_threshold;remedy_vs_right,73.2,1
20197,72.0,B,A,inchoate,element_missing_despite_bad_intent;timing_status_at_moment;lesser_greater_offense_ladder;constitutional_threshold,60,3
16056,62.0,D,A,fourth_amendment_search_seizure,timing_status_at_moment;constitutional_threshold;remedy_vs_right,74.5,0
14716,75.0,D,B,theft_property_crimes,timing_status_at_moment;conspiracy_scope_withdrawal_merger;lesser_greater_offense_ladder,79.5,2
14616,72.0,D,A,fourth_amendment_search_seizure,timing_status_at_moment;constitutional_threshold;remedy_vs_right;exception_to_exception,73.8,0
16001,,D,A,fourth_amendment_search_seizure,timing_status_at_moment;constitutional_threshold;remedy_vs_right,117.8,0
20780,62.0,B,A,fourth_amendment_search_seizure,timing_status_at_moment,69.8,0
21812,62.0,C,A,fifth_miranda_confessions,timing_status_at_moment;lesser_greater_offense_ladder;remedy_vs_right,77.5,3
20484,60.0,C,A,fourth_amendment_search_seizure,remedy_vs_right,78.2,0
17887,65.0,B,C,fourth_amendment_search_seizure,timing_status_at_moment;constitutional_threshold;remedy_vs_right,90.2,1
17929,65.0,C,A,defenses_justification_excuse,constitutional_threshold;exception_to_exception,67.2,0
18039,52.0,C,A,fourth_amendment_search_seizure,constitutional_threshold;remedy_vs_right;exception_to_exception,66,0
19471,55.0,C,A,fourth_amendment_search_seizure,timing_status_at_moment;constitutional_threshold;remedy_vs_right,77,0
20820,72.0,C,A,homicide,element_missing_despite_bad_intent;timing_status_at_moment;lesser_greater_offense_ladder,70.5,1
19144,74.0,C,A,assault_battery_sex_kidnap,element_missing_despite_bad_intent,100.8,1
19019,66.0,B,A,fourth_amendment_search_seizure,,70.5,0
21131,73.0,B,A,inchoate,element_missing_despite_bad_intent;timing_status_at_moment;conspiracy_scope_withdrawal_merger,69,3
17880,46.0,C,A,defenses_justification_excuse,element_missing_despite_bad_intent;mental_state_gradient;lesser_greater_offense_ladder,86.5,0
21845,60.0,B,A,mens_rea_actus_reus,attempt_preparation_line;lesser_greater_offense_ladder,64,0
16101,,C,C,theft_property_crimes,timing_status_at_moment;mental_state_gradient;conspiracy_scope_withdrawal_merger;lesser_greater_offense_ladder,26.8,3
16135,,A,B,fifth_miranda_confessions,timing_status_at_moment;lesser_greater_offense_ladder;constitutional_threshold;remedy_vs_right,118.5,1
16074,,C,C,defenses_justification_excuse,mental_state_gradient;lesser_greater_offense_ladder,26.5,4
20150,58.0,C,A,fourth_amendment_search_seizure,constitutional_threshold;remedy_vs_right,93.8,1
20397,60.0,C,A,fifth_miranda_confessions,constitutional_threshold;remedy_vs_right,71.2,0
18747,73.0,A,B,theft_property_crimes,lesser_greater_offense_ladder,69.5,3
17345,55.0,C,A,defenses_justification_excuse,lesser_greater_offense_ladder,72.8,1
21723,62.0,C,A,mens_rea_actus_reus,timing_status_at_moment;mental_state_gradient;exception_to_exception,102.2,3
18447,47.0,C,A,homicide,element_missing_despite_bad_intent;timing_status_at_moment;mental_state_gradient;lesser_greater_offense_ladder,70,1
17613,63.0,B,A,inchoate,element_missing_despite_bad_intent;attempt_preparation_line;conspiracy_scope_withdrawal_merger;lesser_greater_offense_ladder,67,2
21464,46.0,B,A,theft_property_crimes,element_missing_despite_bad_intent;lesser_greater_offense_ladder,107.8,3
14693,62.0,B,A,homicide,element_missing_despite_bad_intent;conspiracy_scope_withdrawal_merger;lesser_greater_offense_ladder,15,4
19170,58.0,C,A,sixth_trial_rights,,117.2,0
14642,59.0,B,D,homicide,timing_status_at_moment;mental_state_gradient;attempt_preparation_line;lesser_greater_offense_ladder,301.8,4
14725,46.0,C,A,theft_property_crimes,element_missing_despite_bad_intent,152,1
18812,60.0,A,B,mens_rea_actus_reus,element_missing_despite_bad_intent;timing_status_at_moment;mental_state_gradient;lesser_greater_offense_ladder,72.5,1
18477,73.0,C,A,theft_property_crimes,timing_status_at_moment,71,1
16187,,C,D,fifth_miranda_confessions,lesser_greater_offense_ladder,78.5,0
17859,72.0,A,B,theft_property_crimes,element_missing_despite_bad_intent;timing_status_at_moment;lesser_greater_offense_ladder,63.2,0
17950,58.0,B,A,defenses_justification_excuse,timing_status_at_moment;mental_state_gradient;lesser_greater_offense_ladder,85.2,2
16167,,C,C,inchoate,timing_status_at_moment;mental_state_gradient;conspiracy_scope_withdrawal_merger;lesser_greater_offense_ladder,63.8,2
14629,47.0,D,C,fifth_miranda_confessions,timing_status_at_moment;constitutional_threshold;remedy_vs_right,96,0
16112,70.0,B,A,theft_property_crimes,timing_status_at_moment;lesser_greater_offense_ladder,71.5,1
14710,88.0,A,B,theft_property_crimes,timing_status_at_moment;lesser_greater_offense_ladder,27.5,2
16066,,B,A,fifth_miranda_confessions,timing_status_at_moment;lesser_greater_offense_ladder;constitutional_threshold;remedy_vs_right,79,1
17200,62.0,B,A,inchoate,conspiracy_scope_withdrawal_merger,66.2,1
21006,48.0,C,A,sixth_trial_rights,constitutional_threshold;remedy_vs_right;exception_to_exception,108.2,0
16033,58.0,C,D,theft_property_crimes,timing_status_at_moment;conspiracy_scope_withdrawal_merger;lesser_greater_offense_ladder,57.5,0
18610,60.0,C,A,defenses_justification_excuse,element_missing_despite_bad_intent;timing_status_at_moment,69.8,0
20789,48.0,C,B,fifth_miranda_confessions,constitutional_threshold;remedy_vs_right;exception_to_exception,123.8,1
21783,62.0,B,A,inchoate,conspiracy_scope_withdrawal_merger,64.8,0
14601,53.0,A,C,fifth_miranda_confessions,timing_status_at_moment;lesser_greater_offense_ladder;constitutional_threshold;remedy_vs_right,88.2,2
21599,50.0,C,A,theft_property_crimes,element_missing_despite_bad_intent;timing_status_at_moment;conspiracy_scope_withdrawal_merger;lesser_greater_offense_ladder,112.5,2
17165,45.0,B,A,theft_property_crimes,element_missing_despite_bad_intent;timing_status_at_moment;conspiracy_scope_withdrawal_merger;lesser_greater_offense_ladder,104.5,3
17597,60.0,C,A,fourth_amendment_search_seizure,constitutional_threshold;remedy_vs_right;exception_to_exception,124.5,0
20948,48.0,C,A,sixth_trial_rights,element_missing_despite_bad_intent;timing_status_at_moment;exception_to_exception,162.8,0
19336,55.0,C,A,defenses_justification_excuse,element_missing_despite_bad_intent,84.2,0
16050,55.0,D,A,theft_property_crimes,lesser_greater_offense_ladder,74.8,3
19957,72.0,A,B,theft_property_crimes,timing_status_at_moment;lesser_greater_offense_ladder,67.2,1
20385,48.0,C,A,homicide,element_missing_despite_bad_intent;mental_state_gradient;lesser_greater_offense_ladder,86,2
16154,,D,A,defenses_justification_excuse,lesser_greater_offense_ladder,73.5,1
17842,62.0,C,A,fifth_miranda_confessions,constitutional_threshold;remedy_vs_right,76.5,0
19937,71.0,A,D,fourth_amendment_search_seizure,lesser_greater_offense_ladder;constitutional_threshold;exception_to_exception,87.5,1
16038,,B,A,defenses_justification_excuse,element_missing_despite_bad_intent;timing_status_at_moment;mental_state_gradient,72,0
14620,54.0,C,D,sixth_trial_rights,timing_status_at_moment;lesser_greater_offense_ladder;constitutional_threshold,124.5,2
16062,,C,D,theft_property_crimes,timing_status_at_moment;mental_state_gradient;conspiracy_scope_withdrawal_merger;lesser_greater_offense_ladder,23.8,2
21234,63.0,A,C,fifth_miranda_confessions,lesser_greater_offense_ladder;constitutional_threshold;remedy_vs_right,66.5,1
19827,52.0,B,C,theft_property_crimes,lesser_greater_offense_ladder,25.2,2
18843,74.0,C,A,theft_property_crimes,lesser_greater_offense_ladder,56.5,1
17873,62.0,C,A,homicide,mental_state_gradient;lesser_greater_offense_ladder,85.5,2
16132,,D,A,theft_property_crimes,timing_status_at_moment;conspiracy_scope_withdrawal_merger;lesser_greater_offense_ladder,104.2,3
16205,,C,B,fourth_amendment_search_seizure,constitutional_threshold;remedy_vs_right,113,0
16162,,A,B,homicide,element_missing_despite_bad_intent;timing_status_at_moment;mental_state_gradient;lesser_greater_offense_ladder,43.8,3
20449,50.0,C,A,sixth_trial_rights,timing_status_at_moment;lesser_greater_offense_ladder;constitutional_threshold,89,0
21244,48.0,C,A,fourth_amendment_search_seizure,constitutional_threshold;remedy_vs_right,59.8,0
19767,50.0,B,A,sixth_trial_rights,timing_status_at_moment;mental_state_gradient;lesser_greater_offense_ladder;constitutional_threshold;remedy_vs_right,87.8,2
20097,48.0,C,A,homicide,mental_state_gradient;lesser_greater_offense_ladder;constitutional_threshold,110,2
16153,,A,C,homicide,element_missing_despite_bad_intent;timing_status_at_moment;mental_state_gradient;lesser_greater_offense_ladder,130.5,3
20323,60.0,C,A,mens_rea_actus_reus,element_missing_despite_bad_intent;mental_state_gradient,115.5,3
14579,74.0,B,C,fourth_amendment_search_seizure,constitutional_threshold;remedy_vs_right;exception_to_exception,135.5,0
16011,44.0,B,A,homicide,mental_state_gradient;lesser_greater_offense_ladder;remedy_vs_right,128.5,0
18892,60.0,A,C,sixth_trial_rights,timing_status_at_moment;lesser_greater_offense_ladder;constitutional_threshold,76.8,0
17052,44.0,D,B,homicide,mental_state_gradient;conspiracy_scope_withdrawal_merger;lesser_greater_offense_ladder,25,3
16111,,A,B,homicide,lesser_greater_offense_ladder,71,2
14634,62.0,B,C,defenses_justification_excuse,,241,3
17361,57.0,B,A,inchoate,conspiracy_scope_withdrawal_merger,72,2
16172,,C,D,sixth_trial_rights,timing_status_at_moment;lesser_greater_offense_ladder;constitutional_threshold,51.5,0
16012,,A,B,sixth_trial_rights,timing_status_at_moment;lesser_greater_offense_ladder,140.5,0
20990,65.0,A,B,sixth_trial_rights,timing_status_at_moment;constitutional_threshold;remedy_vs_right,85,2
14744,51.0,C,A,theft_property_crimes,timing_status_at_moment;lesser_greater_offense_ladder,28.5,2
17208,62.0,A,B,mens_rea_actus_reus,element_missing_despite_bad_intent;mental_state_gradient;lesser_greater_offense_ladder,69.5,3
17564,72.0,C,A,homicide,timing_status_at_moment;lesser_greater_offense_ladder,72,1
14619,22.0,B,A,sixth_trial_rights,element_missing_despite_bad_intent,89.8,0
17164,60.0,D,B,theft_property_crimes,lesser_greater_offense_ladder,71.2,4
20575,62.0,A,B,fourth_amendment_search_seizure,constitutional_threshold;exception_to_exception,77.5,0
14593,72.0,A,C,sixth_trial_rights,timing_status_at_moment;lesser_greater_offense_ladder;constitutional_threshold;remedy_vs_right,132.8,0
17827,47.0,C,A,defenses_justification_excuse,lesser_greater_offense_ladder;exception_to_exception,70.5,2
19055,48.0,B,A,inchoate,conspiracy_scope_withdrawal_merger;exception_to_exception,95,1
19870,57.0,C,B,mens_rea_actus_reus,mental_state_gradient;attempt_preparation_line;lesser_greater_offense_ladder,109.2,3
20180,65.0,C,A,theft_property_crimes,element_missing_despite_bad_intent;lesser_greater_offense_ladder,58,1
16194,,B,A,fourth_amendment_search_seizure,timing_status_at_moment;constitutional_threshold;remedy_vs_right;exception_to_exception,57.8,0
16032,64.0,C,B,homicide,lesser_greater_offense_ladder,78,0
18365,60.0,C,A,mens_rea_actus_reus,element_missing_despite_bad_intent;lesser_greater_offense_ladder,103.8,0
19731,65.0,A,B,fourth_amendment_search_seizure,constitutional_threshold;exception_to_exception,78.5,0
16036,,A,B,homicide,element_missing_despite_bad_intent;mental_state_gradient;lesser_greater_offense_ladder,91.5,2
16131,,D,B,homicide,element_missing_despite_bad_intent,72.2,0
17328,72.0,C,A,mens_rea_actus_reus,mental_state_gradient;lesser_greater_offense_ladder,104,3
16188,,D,D,sixth_trial_rights,lesser_greater_offense_ladder;constitutional_threshold;exception_to_exception,91.2,0
19720,62.0,C,A,assault_battery_sex_kidnap,element_missing_despite_bad_intent,149,2
19898,60.0,C,A,defenses_justification_excuse,,73.5,0
16057,,A,D,exclusion_double_jeopardy_due_process,timing_status_at_moment;lesser_greater_offense_ladder,55.8,2
20314,48.0,C,A,fourth_amendment_search_seizure,mental_state_gradient;constitutional_threshold;remedy_vs_right;exception_to_exception,74.2,0
16075,50.0,B,A,homicide,element_missing_despite_bad_intent;timing_status_at_moment;lesser_greater_offense_ladder;remedy_vs_right,90.5,0
18132,40.0,C,A,sixth_trial_rights,timing_status_at_moment;constitutional_threshold;remedy_vs_right,101,2
17371,73.0,C,A,assault_battery_sex_kidnap,element_missing_despite_bad_intent;timing_status_at_moment,121.8,2
14721,51.0,A,D,theft_property_crimes,mental_state_gradient,89.5,0
17883,62.0,C,A,theft_property_crimes,element_missing_despite_bad_intent;mental_state_gradient,64,1
14687,79.0,A,B,homicide,timing_status_at_moment;mental_state_gradient;lesser_greater_offense_ladder,130.5,3
18625,58.0,C,A,sixth_trial_rights,timing_status_at_moment;constitutional_threshold;remedy_vs_right,141.8,2
19751,48.0,A,B,sixth_trial_rights,timing_status_at_moment;constitutional_threshold;remedy_vs_right;exception_to_exception,98,1
18707,60.0,A,B,fourth_amendment_search_seizure,timing_status_at_moment;constitutional_threshold;remedy_vs_right;exception_to_exception,70.2,0
16142,,A,A,theft_property_crimes,mental_state_gradient;attempt_preparation_line;lesser_greater_offense_ladder,18.8,4
20931,58.0,C,A,homicide,timing_status_at_moment;mental_state_gradient;lesser_greater_offense_ladder,81,2
14591,82.0,A,C,fourth_amendment_search_seizure,constitutional_threshold;remedy_vs_right;exception_to_exception,108.2,0
21526,46.0,A,B,homicide,mental_state_gradient;lesser_greater_offense_ladder,82.2,4
21504,72.0,A,B,theft_property_crimes,lesser_greater_offense_ladder;constitutional_threshold,77.2,1
17823,48.0,A,C,theft_property_crimes,timing_status_at_moment;lesser_greater_offense_ladder,78.5,3
20806,46.0,C,A,exclusion_double_jeopardy_due_process,timing_status_at_moment;constitutional_threshold,119,0
18768,47.0,C,A,sixth_trial_rights,timing_status_at_moment;mental_state_gradient;conspiracy_scope_withdrawal_merger;constitutional_threshold;remedy_vs_right,116,2
21171,47.0,C,D,theft_property_crimes,element_missing_despite_bad_intent;timing_status_at_moment;mental_state_gradient;conspiracy_scope_withdrawal_merger;lesser_greater_offense_ladder,114,2
21011,46.0,B,C,sixth_trial_rights,timing_status_at_moment;exception_to_exception,173.2,0
16175,,B,A,fifth_miranda_confessions,timing_status_at_moment;constitutional_threshold;remedy_vs_right,145.2,1
17963,52.0,C,A,theft_property_crimes,element_missing_despite_bad_intent;constitutional_threshold,105,0
21572,48.0,C,A,theft_property_crimes,element_missing_despite_bad_intent;timing_status_at_moment;mental_state_gradient;lesser_greater_offense_ladder,100.5,3
21689,44.0,C,B,fifth_miranda_confessions,lesser_greater_offense_ladder;constitutional_threshold;remedy_vs_right,126.5,2
17375,48.0,C,A,assault_battery_sex_kidnap,element_missing_despite_bad_intent;timing_status_at_moment,123.8,1
16164,,B,C,theft_property_crimes,element_missing_despite_bad_intent;attempt_preparation_line;lesser_greater_offense_ladder,83.8,2
19628,62.0,B,A,theft_property_crimes,timing_status_at_moment;attempt_preparation_line;lesser_greater_offense_ladder,72.5,3
20031,71.0,A,C,theft_property_crimes,element_missing_despite_bad_intent;lesser_greater_offense_ladder;constitutional_threshold,73.8,1
20548,62.0,C,A,theft_property_crimes,element_missing_despite_bad_intent;timing_status_at_moment;lesser_greater_offense_ladder,106,2
16069,62.0,C,D,homicide,timing_status_at_moment;lesser_greater_offense_ladder,92.2,3
20595,70.0,C,B,theft_property_crimes,timing_status_at_moment,70.8,1
18682,63.0,C,B,fourth_amendment_search_seizure,lesser_greater_offense_ladder;constitutional_threshold;remedy_vs_right;exception_to_exception,110.8,1
17871,60.0,B,A,fourth_amendment_search_seizure,timing_status_at_moment;constitutional_threshold,88,0
18123,75.0,A,B,theft_property_crimes,timing_status_at_moment,59.8,0
14571,64.0,D,A,fourth_amendment_search_seizure,timing_status_at_moment;constitutional_threshold;remedy_vs_right;exception_to_exception,94,0
16008,,A,C,inchoate,conspiracy_scope_withdrawal_merger,51.2,1
17080,48.0,C,A,fifth_miranda_confessions,timing_status_at_moment;constitutional_threshold;remedy_vs_right;exception_to_exception,118.8,0
17453,58.0,C,A,fifth_miranda_confessions,timing_status_at_moment;constitutional_threshold,68,0
18120,57.0,C,A,sixth_trial_rights,remedy_vs_right,88.8,3
16145,,C,A,defenses_justification_excuse,element_missing_despite_bad_intent;timing_status_at_moment;lesser_greater_offense_ladder,152.5,2
16054,45.0,B,A,homicide,timing_status_at_moment;mental_state_gradient;lesser_greater_offense_ladder,368.8,4
16128,,C,A,theft_property_crimes,lesser_greater_offense_ladder,93.2,2
17671,60.0,C,A,defenses_justification_excuse,lesser_greater_offense_ladder,76,0
17423,65.0,B,A,fourth_amendment_search_seizure,timing_status_at_moment;constitutional_threshold;remedy_vs_right,63.8,1
20350,50.0,C,A,assault_battery_sex_kidnap,element_missing_despite_bad_intent;timing_status_at_moment,113.8,1
16150,,C,B,homicide,element_missing_despite_bad_intent;mental_state_gradient;lesser_greater_offense_ladder,69,3
21583,46.0,C,A,defenses_justification_excuse,timing_status_at_moment;lesser_greater_offense_ladder;constitutional_threshold,147.8,0
19619,48.0,C,A,fourth_amendment_search_seizure,constitutional_threshold;remedy_vs_right,150.2,1
16046,,A,B,theft_property_crimes,lesser_greater_offense_ladder,13.5,4
21420,60.0,C,A,fifth_miranda_confessions,timing_status_at_moment;mental_state_gradient,83.2,0
20335,58.0,B,A,inchoate,timing_status_at_moment;conspiracy_scope_withdrawal_merger;lesser_greater_offense_ladder,56.8,2
21326,48.0,A,B,exclusion_double_jeopardy_due_process,lesser_greater_offense_ladder,105,0
16070,,A,B,defenses_justification_excuse,element_missing_despite_bad_intent;timing_status_at_moment;mental_state_gradient;lesser_greater_offense_ladder;remedy_vs_right,215,5
16200,,A,C,fourth_amendment_search_seizure,timing_status_at_moment;constitutional_threshold;remedy_vs_right;exception_to_exception,112.2,0
16191,,A,C,fifth_miranda_confessions,timing_status_at_moment;lesser_greater_offense_ladder;constitutional_threshold;remedy_vs_right;exception_to_exception,63.8,0
19733,50.0,C,A,fourth_amendment_search_seizure,constitutional_threshold;remedy_vs_right;exception_to_exception,114.5,0
17186,65.0,C,A,defenses_justification_excuse,timing_status_at_moment;constitutional_threshold,75.8,1
18550,55.0,C,A,theft_property_crimes,element_missing_despite_bad_intent;lesser_greater_offense_ladder,86.2,3
21323,73.0,C,A,fifth_miranda_confessions,timing_status_at_moment;constitutional_threshold;remedy_vs_right,65.8,0
18909,62.0,A,B,fourth_amendment_search_seizure,timing_status_at_moment;lesser_greater_offense_ladder;constitutional_threshold;remedy_vs_right;exception_to_exception,89,3
19981,62.0,B,A,fourth_amendment_search_seizure,,70.8,0
19757,42.0,B,A,sentencing_eighth_appeal_habeas,timing_status_at_moment,204,0
17495,48.0,C,B,theft_property_crimes,lesser_greater_offense_ladder,124,1
16040,,B,C,defenses_justification_excuse,timing_status_at_moment;lesser_greater_offense_ladder,96,2
16030,,A,B,assault_battery_sex_kidnap,mental_state_gradient;conspiracy_scope_withdrawal_merger,87.8,2
19969,55.0,C,A,defenses_justification_excuse,mental_state_gradient,104.5,0
16019,60.0,C,A,assault_battery_sex_kidnap,mental_state_gradient,83.5,2
19908,58.0,C,A,fifth_miranda_confessions,timing_status_at_moment;constitutional_threshold;remedy_vs_right,119,0
21657,52.0,C,A,homicide,element_missing_despite_bad_intent;mental_state_gradient;lesser_greater_offense_ladder,80.5,2
16148,,A,D,inchoate,attempt_preparation_line;conspiracy_scope_withdrawal_merger;constitutional_threshold,69.5,0
18786,58.0,C,A,fourth_amendment_search_seizure,constitutional_threshold;remedy_vs_right,98.2,0
17203,65.0,C,A,fifth_miranda_confessions,timing_status_at_moment;constitutional_threshold;remedy_vs_right,73,1
14713,59.0,D,B,theft_property_crimes,lesser_greater_offense_ladder,74.2,4
14697,40.0,B,A,theft_property_crimes,attempt_preparation_line;lesser_greater_offense_ladder,20,4
18317,48.0,C,A,defenses_justification_excuse,element_missing_despite_bad_intent,62.8,0
17923,50.0,C,A,theft_property_crimes,element_missing_despite_bad_intent;mental_state_gradient;exception_to_exception,91,1
14695,90.0,B,A,inchoate,conspiracy_scope_withdrawal_merger,107.2,1
18217,48.0,A,B,fourth_amendment_search_seizure,timing_status_at_moment;remedy_vs_right,67.5,0
18640,65.0,B,A,fourth_amendment_search_seizure,timing_status_at_moment;lesser_greater_offense_ladder;constitutional_threshold;remedy_vs_right,78.8,1
14707,65.0,A,C,sixth_trial_rights,timing_status_at_moment;conspiracy_scope_withdrawal_merger,108,1
21538,60.0,C,A,fourth_amendment_search_seizure,lesser_greater_offense_ladder;constitutional_threshold;remedy_vs_right;exception_to_exception,143,2
14578,74.0,C,A,sixth_trial_rights,constitutional_threshold,125,0
16116,,D,B,homicide,mental_state_gradient;lesser_greater_offense_ladder;constitutional_threshold,15.8,3
17760,60.0,A,B,sixth_trial_rights,timing_status_at_moment;remedy_vs_right,89.8,2
14643,82.0,D,B,homicide,mental_state_gradient;lesser_greater_offense_ladder,73.5,1
14714,77.0,C,B,mens_rea_actus_reus,timing_status_at_moment;mental_state_gradient,92.2,2
19242,42.0,C,D,theft_property_crimes,element_missing_despite_bad_intent,149,1
14709,63.0,A,D,theft_property_crimes,lesser_greater_offense_ladder,15,3
16055,,C,A,homicide,element_missing_despite_bad_intent;mental_state_gradient;lesser_greater_offense_ladder;constitutional_threshold,249.8,1
19676,50.0,C,A,homicide,,118.5,0
18968,60.0,A,B,homicide,timing_status_at_moment;conspiracy_scope_withdrawal_merger;lesser_greater_offense_ladder,85.2,2
21432,46.0,C,B,fourth_amendment_search_seizure,constitutional_threshold;remedy_vs_right;exception_to_exception,138.8,1
18574,60.0,C,A,theft_property_crimes,element_missing_despite_bad_intent;lesser_greater_offense_ladder,91.2,1
16000,55.0,D,A,fourth_amendment_search_seizure,timing_status_at_moment;constitutional_threshold;remedy_vs_right,117.2,0
19996,48.0,C,A,mens_rea_actus_reus,element_missing_despite_bad_intent;timing_status_at_moment;mental_state_gradient,113.2,0
20188,58.0,C,A,fifth_miranda_confessions,timing_status_at_moment;lesser_greater_offense_ladder;remedy_vs_right,91.2,0
17966,50.0,B,A,inchoate,element_missing_despite_bad_intent;conspiracy_scope_withdrawal_merger,90.2,2
17425,72.0,C,A,fifth_miranda_confessions,lesser_greater_offense_ladder;constitutional_threshold;remedy_vs_right,104.2,0
18737,58.0,B,A,inchoate,conspiracy_scope_withdrawal_merger;lesser_greater_offense_ladder,67.5,2
14735,81.0,A,D,accomplice_party_liability,timing_status_at_moment,81.5,0
21718,44.0,C,A,defenses_justification_excuse,element_missing_despite_bad_intent;mental_state_gradient;lesser_greater_offense_ladder,88.8,4
20387,62.0,C,A,fourth_amendment_search_seizure,constitutional_threshold;remedy_vs_right;exception_to_exception,93.2,0
20483,50.0,C,B,inchoate,element_missing_despite_bad_intent;conspiracy_scope_withdrawal_merger,80,2
19915,57.0,B,A,defenses_justification_excuse,element_missing_despite_bad_intent;mental_state_gradient;lesser_greater_offense_ladder,76.2,1
19074,63.0,C,A,defenses_justification_excuse,,66.2,0
17370,60.0,C,A,mens_rea_actus_reus,element_missing_despite_bad_intent;timing_status_at_moment;mental_state_gradient,101.5,3
18551,62.0,B,A,theft_property_crimes,lesser_greater_offense_ladder;constitutional_threshold,15,3
16186,,A,D,fourth_amendment_search_seizure,element_missing_despite_bad_intent;constitutional_threshold;remedy_vs_right;exception_to_exception,74,0
16087,,B,D,theft_property_crimes,timing_status_at_moment;mental_state_gradient;lesser_greater_offense_ladder,17.8,2
20797,58.0,C,A,defenses_justification_excuse,timing_status_at_moment;mental_state_gradient;lesser_greater_offense_ladder,71,2
16106,,C,A,homicide,mental_state_gradient;lesser_greater_offense_ladder,98.5,4
19499,50.0,B,A,inchoate,conspiracy_scope_withdrawal_merger;exception_to_exception,93.2,1
14664,67.0,A,C,homicide,timing_status_at_moment;mental_state_gradient;lesser_greater_offense_ladder,43.8,3
16025,,D,B,homicide,timing_status_at_moment;lesser_greater_offense_ladder,141.2,0
14607,69.0,D,B,homicide,element_missing_despite_bad_intent;timing_status_at_moment;mental_state_gradient;lesser_greater_offense_ladder,49.5,0
20954,60.0,C,A,fifth_miranda_confessions,timing_status_at_moment;lesser_greater_offense_ladder;constitutional_threshold,90,0
14563,63.0,B,D,fourth_amendment_search_seizure,timing_status_at_moment;constitutional_threshold;remedy_vs_right;exception_to_exception,57.8,0
16141,,A,C,homicide,mental_state_gradient;lesser_greater_offense_ladder,18.8,3
21245,62.0,A,C,fourth_amendment_search_seizure,timing_status_at_moment;constitutional_threshold;remedy_vs_right,76,0
17626,47.0,C,B,fifth_miranda_confessions,lesser_greater_offense_ladder;remedy_vs_right,90.8,1
18714,62.0,A,D,fifth_miranda_confessions,timing_status_at_moment;lesser_greater_offense_ladder;constitutional_threshold;remedy_vs_right,66.2,0
19075,60.0,C,A,fifth_miranda_confessions,timing_status_at_moment;lesser_greater_offense_ladder;constitutional_threshold;remedy_vs_right,76.2,1
14621,66.0,A,C,sixth_trial_rights,timing_status_at_moment;constitutional_threshold;remedy_vs_right,75.5,2
16120,,C,A,fourth_amendment_search_seizure,lesser_greater_offense_ladder;constitutional_threshold;remedy_vs_right,112.2,0
17589,45.0,C,B,exclusion_double_jeopardy_due_process,timing_status_at_moment;constitutional_threshold;remedy_vs_right,104.5,0
16123,,D,A,homicide,mental_state_gradient;lesser_greater_offense_ladder,76,2
16092,,B,A,homicide,element_missing_despite_bad_intent;mental_state_gradient;lesser_greater_offense_ladder,67.2,2
14670,70.0,C,D,homicide,timing_status_at_moment;mental_state_gradient;lesser_greater_offense_ladder,95.2,1
19566,60.0,C,A,mens_rea_actus_reus,mental_state_gradient,98.8,0
14582,44.0,A,D,fifth_miranda_confessions,timing_status_at_moment;lesser_greater_offense_ladder,63,0
16152,,D,D,theft_property_crimes,element_missing_despite_bad_intent;timing_status_at_moment;conspiracy_scope_withdrawal_merger;lesser_greater_offense_ladder,79.5,2
16041,,A,C,assault_battery_sex_kidnap,,16,2
20943,55.0,A,B,inchoate,conspiracy_scope_withdrawal_merger;constitutional_threshold,67,4
21787,57.0,C,A,fourth_amendment_search_seizure,constitutional_threshold;remedy_vs_right;exception_to_exception,72.2,1
21497,47.0,A,B,mens_rea_actus_reus,mental_state_gradient;lesser_greater_offense_ladder,94.5,4
